index,peptide,binder,prediction
1,GILGFVFTL,1,0.98971
2,GILGFVFTL,0,0.87485
4,GILGFVFTL,0,0.85703
6,GILGFVFTL,0,0.96006
9,GILGFVFTL,0,0.87212
10,GILGFVFTL,0,0.89061
13,GILGFVFTL,0,0.88798
15,GILGFVFTL,1,0.9644
20,GILGFVFTL,0,0.8576
21,GILGFVFTL,0,0.87794
29,GILGFVFTL,0,0.85611
35,GILGFVFTL,0,0.88142
40,GILGFVFTL,0,0.86601
45,GILGFVFTL,0,0.86648
51,GILGFVFTL,1,0.9956
52,GILGFVFTL,1,0.876
58,GILGFVFTL,0,0.86647
61,GILGFVFTL,0,0.87301
64,GILGFVFTL,0,0.86796
68,GILGFVFTL,0,0.8806
69,GILGFVFTL,0,0.86617
77,GILGFVFTL,1,0.99781
81,GILGFVFTL,1,0.9956
90,GILGFVFTL,0,0.88002
96,GILGFVFTL,1,0.96844
99,GILGFVFTL,0,0.87879
100,GILGFVFTL,0,0.86948
103,GILGFVFTL,0,0.87924
105,GILGFVFTL,0,0.90434
107,GILGFVFTL,0,0.83089
111,GILGFVFTL,0,0.85407
113,GILGFVFTL,0,0.8692
116,GILGFVFTL,0,0.85712
117,GILGFVFTL,0,0.86207
123,GILGFVFTL,1,0.86631
127,GILGFVFTL,0,0.88556
129,GILGFVFTL,0,0.85568
131,GILGFVFTL,0,0.87106
136,GILGFVFTL,0,0.88791
144,GILGFVFTL,0,0.91628
146,GILGFVFTL,0,0.88064
149,GILGFVFTL,0,0.88147
154,GILGFVFTL,0,0.86154
155,GILGFVFTL,0,0.89418
156,GILGFVFTL,0,0.86566
158,GILGFVFTL,0,0.90672
170,GILGFVFTL,0,0.88534
173,GILGFVFTL,0,0.8737
174,GILGFVFTL,0,0.87158
176,GILGFVFTL,0,0.85921
180,GILGFVFTL,0,0.84795
199,GILGFVFTL,0,0.87335
202,GILGFVFTL,0,0.89589
209,GILGFVFTL,1,0.9956
214,GILGFVFTL,0,0.86998
223,GILGFVFTL,0,0.91906
226,GILGFVFTL,1,0.9956
227,GILGFVFTL,1,0.98392
228,GILGFVFTL,0,0.85906
238,GILGFVFTL,1,0.89794
240,GILGFVFTL,0,0.84008
251,GILGFVFTL,1,0.98538
260,GILGFVFTL,0,0.86401
269,GILGFVFTL,1,0.97912
270,GILGFVFTL,0,0.86898
272,GILGFVFTL,1,0.9172
277,GILGFVFTL,0,0.89132
279,GILGFVFTL,0,0.84895
287,GILGFVFTL,1,0.95167
294,GILGFVFTL,0,0.88743
298,GILGFVFTL,1,0.96042
305,GILGFVFTL,0,0.87254
310,GILGFVFTL,0,0.85855
312,GILGFVFTL,0,0.87772
314,GILGFVFTL,1,0.8817
319,GILGFVFTL,0,0.85956
324,GILGFVFTL,1,0.98333
325,GILGFVFTL,0,0.8679
328,GILGFVFTL,0,0.87608
333,GILGFVFTL,0,0.88292
335,GILGFVFTL,0,0.84878
340,GILGFVFTL,1,0.99137
348,GILGFVFTL,0,0.87509
371,GILGFVFTL,1,0.91051
372,GILGFVFTL,0,0.86565
378,GILGFVFTL,0,0.8844
379,GILGFVFTL,0,0.88004
382,GILGFVFTL,1,0.99398
388,GILGFVFTL,0,0.83537
390,GILGFVFTL,0,0.88165
395,GILGFVFTL,1,0.90511
398,GILGFVFTL,0,0.88833
404,GILGFVFTL,0,0.85515
408,GILGFVFTL,0,0.86301
411,GILGFVFTL,0,0.8814
414,GILGFVFTL,0,0.89192
417,GILGFVFTL,0,0.8726
421,GILGFVFTL,1,0.9937
422,GILGFVFTL,0,0.85745
424,GILGFVFTL,0,0.87141
428,GILGFVFTL,0,0.9057
430,GILGFVFTL,0,0.87886
432,GILGFVFTL,0,0.87898
434,GILGFVFTL,0,0.91225
435,GILGFVFTL,0,0.89272
445,GILGFVFTL,0,0.85563
446,GILGFVFTL,0,0.88189
448,GILGFVFTL,0,0.88475
453,GILGFVFTL,0,0.87803
454,GILGFVFTL,0,0.85886
457,GILGFVFTL,0,0.87061
459,GILGFVFTL,0,0.89174
467,GILGFVFTL,0,0.86705
471,GILGFVFTL,1,0.93578
474,GILGFVFTL,0,0.88438
483,GILGFVFTL,0,0.86487
484,GILGFVFTL,0,0.87762
496,GILGFVFTL,0,0.87941
503,GILGFVFTL,0,0.87881
517,GILGFVFTL,0,0.87234
518,GILGFVFTL,0,0.88439
519,GILGFVFTL,0,0.86991
520,GILGFVFTL,0,0.82656
524,GILGFVFTL,0,0.88072
525,GILGFVFTL,0,0.86023
528,GILGFVFTL,1,0.85006
536,GILGFVFTL,0,0.86465
540,GILGFVFTL,0,0.88695
545,GILGFVFTL,0,0.87058
550,GILGFVFTL,0,0.87608
552,GILGFVFTL,0,0.85831
553,GILGFVFTL,0,0.87824
556,GILGFVFTL,1,0.86796
559,GILGFVFTL,0,0.87109
574,GILGFVFTL,1,0.91235
577,GILGFVFTL,0,0.90604
579,GILGFVFTL,0,0.85105
582,GILGFVFTL,0,0.92771
594,GILGFVFTL,0,0.88409
595,GILGFVFTL,0,0.86442
602,GILGFVFTL,1,0.9817
604,GILGFVFTL,0,0.88935
610,GILGFVFTL,0,0.8822
613,GILGFVFTL,1,0.97861
615,GILGFVFTL,0,0.87117
617,GILGFVFTL,0,0.87143
625,GILGFVFTL,0,0.86669
635,GILGFVFTL,0,0.89981
640,GILGFVFTL,0,0.87406
643,GILGFVFTL,0,0.87695
648,GILGFVFTL,0,0.88586
657,GILGFVFTL,0,0.87779
658,GILGFVFTL,1,0.91034
665,GILGFVFTL,0,0.86894
671,GILGFVFTL,0,0.88952
672,GILGFVFTL,0,0.8568
675,GILGFVFTL,1,0.96085
678,GILGFVFTL,0,0.87564
680,GILGFVFTL,0,0.88526
683,GILGFVFTL,0,0.89791
690,GILGFVFTL,0,0.89586
695,GILGFVFTL,0,0.87208
705,GILGFVFTL,0,0.86714
706,GILGFVFTL,0,0.89031
710,GILGFVFTL,0,0.86046
712,GILGFVFTL,0,0.88376
714,GILGFVFTL,0,0.86412
717,GILGFVFTL,0,0.87921
722,GILGFVFTL,0,0.89047
724,GILGFVFTL,0,0.91578
730,GILGFVFTL,0,0.87203
731,GILGFVFTL,0,0.86448
735,GILGFVFTL,0,0.86219
736,GILGFVFTL,0,0.86906
740,GILGFVFTL,1,0.98431
742,GILGFVFTL,1,0.99464
754,GILGFVFTL,0,0.87133
757,GILGFVFTL,0,0.8634
761,GILGFVFTL,0,0.87776
779,GILGFVFTL,0,0.87396
788,GILGFVFTL,0,0.85096
793,GILGFVFTL,0,0.86986
794,GILGFVFTL,1,0.98051
798,GILGFVFTL,0,0.88987
801,GILGFVFTL,0,0.87739
807,GILGFVFTL,0,0.87194
819,GILGFVFTL,1,0.99288
820,GILGFVFTL,0,0.89788
824,GILGFVFTL,0,0.88575
829,GILGFVFTL,0,0.87224
833,GILGFVFTL,0,0.88184
843,GILGFVFTL,0,0.89734
845,GILGFVFTL,0,0.86391
846,GILGFVFTL,0,0.89287
847,GILGFVFTL,1,0.99356
853,GILGFVFTL,0,0.88973
854,GILGFVFTL,0,0.86503
856,GILGFVFTL,0,0.88375
859,GILGFVFTL,0,0.86509
862,GILGFVFTL,0,0.86369
864,GILGFVFTL,0,0.85602
865,GILGFVFTL,1,0.99288
866,GILGFVFTL,1,0.88291
868,GILGFVFTL,0,0.87112
872,GILGFVFTL,0,0.85775
873,GILGFVFTL,0,0.88883
879,GILGFVFTL,0,0.88095
881,GILGFVFTL,0,0.86405
886,GILGFVFTL,0,0.89869
907,GILGFVFTL,0,0.91557
908,GILGFVFTL,0,0.86238
911,GILGFVFTL,0,0.86846
912,GILGFVFTL,0,0.86667
916,GILGFVFTL,0,0.86498
919,GILGFVFTL,0,0.87274
920,GILGFVFTL,0,0.87234
921,GILGFVFTL,0,0.80629
923,GILGFVFTL,0,0.90088
932,GILGFVFTL,0,0.88951
936,GILGFVFTL,0,0.87126
951,GILGFVFTL,0,0.8615
962,GILGFVFTL,0,0.88315
965,GILGFVFTL,0,0.87606
969,GILGFVFTL,0,0.87748
970,GILGFVFTL,0,0.87527
974,GILGFVFTL,1,0.9873
984,GILGFVFTL,1,0.87164
992,GILGFVFTL,0,0.87271
1001,GILGFVFTL,0,0.88345
1009,GILGFVFTL,0,0.87102
1017,GILGFVFTL,0,0.87026
1018,GILGFVFTL,0,0.8725
1026,GILGFVFTL,0,0.86861
1038,GILGFVFTL,0,0.87192
1041,GILGFVFTL,1,0.98894
1044,GILGFVFTL,0,0.91495
1056,GILGFVFTL,0,0.86885
1057,GILGFVFTL,1,0.9952
1060,GILGFVFTL,0,0.84871
1064,GILGFVFTL,0,0.88724
1069,GILGFVFTL,0,0.88146
1070,GILGFVFTL,0,0.87597
1074,GILGFVFTL,1,0.88748
1076,GILGFVFTL,0,0.88659
1078,GILGFVFTL,1,0.97783
1082,GILGFVFTL,0,0.9055
1084,GILGFVFTL,0,0.87276
1087,GILGFVFTL,0,0.865
1088,GILGFVFTL,0,0.86768
1095,GILGFVFTL,0,0.87042
1097,GILGFVFTL,0,0.8615
1107,GILGFVFTL,1,0.99728
1113,GILGFVFTL,0,0.87271
1117,GILGFVFTL,0,0.89652
1119,GILGFVFTL,0,0.84946
1120,GILGFVFTL,0,0.87463
1122,GILGFVFTL,0,0.84199
1123,GILGFVFTL,1,0.98476
1125,GILGFVFTL,0,0.86363
1129,GILGFVFTL,0,0.88141
1140,GILGFVFTL,0,0.89733
1144,GILGFVFTL,0,0.90312
1151,GILGFVFTL,0,0.86154
1154,GILGFVFTL,0,0.88999
1157,GILGFVFTL,0,0.8713
1163,GILGFVFTL,0,0.89397
1168,GILGFVFTL,0,0.86158
1169,GILGFVFTL,0,0.88687
1173,GILGFVFTL,0,0.86384
1182,GILGFVFTL,0,0.89303
1183,GILGFVFTL,1,0.88504
1194,GILGFVFTL,1,0.98824
1196,GILGFVFTL,0,0.87189
1198,GILGFVFTL,0,0.88726
1202,GILGFVFTL,0,0.8593
1204,GILGFVFTL,0,0.85612
1206,GILGFVFTL,0,0.87673
1216,GILGFVFTL,0,0.90256
1218,GILGFVFTL,0,0.8817
1221,GILGFVFTL,0,0.88627
1224,GILGFVFTL,0,0.85572
1227,GILGFVFTL,0,0.87952
1240,GILGFVFTL,0,0.88582
1244,GILGFVFTL,0,0.88797
1249,GILGFVFTL,0,0.8602
1253,GILGFVFTL,0,0.86681
1257,GILGFVFTL,0,0.86523
1274,GILGFVFTL,0,0.90269
1275,GILGFVFTL,0,0.85946
1277,GILGFVFTL,0,0.876
1286,GILGFVFTL,0,0.8789
1290,GILGFVFTL,0,0.86864
1304,GILGFVFTL,0,0.86857
1313,GILGFVFTL,0,0.87515
1323,GILGFVFTL,0,0.85802
1324,GILGFVFTL,0,0.86127
1330,GILGFVFTL,0,0.90131
1334,GILGFVFTL,0,0.87793
1335,GILGFVFTL,0,0.83866
1341,GILGFVFTL,0,0.87352
1343,GILGFVFTL,1,0.94318
1344,GILGFVFTL,0,0.87886
1346,GILGFVFTL,0,0.90076
1353,GILGFVFTL,0,0.88124
1369,GILGFVFTL,0,0.87695
1376,GILGFVFTL,0,0.89195
1388,GILGFVFTL,0,0.89771
1389,GILGFVFTL,0,0.86915
1390,GILGFVFTL,0,0.87929
1391,GILGFVFTL,0,0.87632
1395,GILGFVFTL,0,0.86655
1398,GILGFVFTL,0,0.87084
1403,GILGFVFTL,1,0.88673
1407,GILGFVFTL,0,0.83341
1410,GILGFVFTL,1,0.88593
1415,GILGFVFTL,0,0.86766
1417,GILGFVFTL,0,0.88047
1426,GILGFVFTL,0,0.87511
1427,GILGFVFTL,0,0.87149
1428,GILGFVFTL,0,0.86761
1432,GILGFVFTL,0,0.86341
1439,GILGFVFTL,0,0.86814
1443,GILGFVFTL,0,0.88759
1447,GILGFVFTL,0,0.91369
1451,GILGFVFTL,0,0.87205
1453,GILGFVFTL,1,0.88024
1454,GILGFVFTL,0,0.89997
1456,GILGFVFTL,1,0.84886
1460,GILGFVFTL,0,0.88111
1461,GILGFVFTL,0,0.87495
1467,GILGFVFTL,0,0.8604
1470,GILGFVFTL,0,0.87773
1471,GILGFVFTL,0,0.90485
1473,GILGFVFTL,0,0.87538
1479,GILGFVFTL,0,0.87521
1481,GILGFVFTL,0,0.88196
1483,GILGFVFTL,1,0.98118
1485,GILGFVFTL,1,0.9956
1487,GILGFVFTL,0,0.83759
1491,GILGFVFTL,1,0.9956
1495,GILGFVFTL,0,0.87457
1496,GILGFVFTL,0,0.86922
1523,GILGFVFTL,0,0.88628
1527,GILGFVFTL,0,0.85829
1534,GILGFVFTL,0,0.88053
1556,GILGFVFTL,0,0.87981
1558,GILGFVFTL,0,0.86311
1563,GILGFVFTL,1,0.97307
1565,GILGFVFTL,0,0.87971
1566,GILGFVFTL,0,0.89967
1567,GILGFVFTL,1,0.86299
1570,GILGFVFTL,0,0.88133
1576,GILGFVFTL,0,0.86445
1586,GILGFVFTL,0,0.88426
1590,GILGFVFTL,1,0.86623
1592,GILGFVFTL,0,0.85754
1597,GILGFVFTL,0,0.86719
1606,GILGFVFTL,0,0.87208
1608,GILGFVFTL,0,0.83416
1610,GILGFVFTL,0,0.88767
1616,GILGFVFTL,0,0.88374
1627,GILGFVFTL,0,0.88185
1634,GILGFVFTL,0,0.87133
1640,GILGFVFTL,0,0.86748
1643,GILGFVFTL,0,0.85469
1654,GILGFVFTL,1,0.94143
1655,GILGFVFTL,0,0.89011
1660,GILGFVFTL,1,0.98521
1663,GILGFVFTL,0,0.9345
1666,GILGFVFTL,0,0.8918
1682,GILGFVFTL,0,0.86291
1686,GILGFVFTL,0,0.85721
1688,GILGFVFTL,0,0.87329
1693,GILGFVFTL,0,0.91225
1697,GILGFVFTL,0,0.86678
1698,GILGFVFTL,0,0.86992
1704,GILGFVFTL,0,0.87937
1705,GILGFVFTL,1,0.98257
1709,GILGFVFTL,0,0.86924
1712,GILGFVFTL,1,0.98768
1719,GILGFVFTL,0,0.89502
1727,GILGFVFTL,1,0.97885
1729,GILGFVFTL,0,0.90599
1736,GILGFVFTL,0,0.88384
1740,GILGFVFTL,0,0.8617
1742,GILGFVFTL,0,0.89575
1750,GILGFVFTL,0,0.85979
1755,GILGFVFTL,0,0.85648
1758,GILGFVFTL,0,0.85368
1759,GILGFVFTL,1,0.88171
1791,GILGFVFTL,0,0.88685
1793,GILGFVFTL,0,0.87222
1796,GILGFVFTL,0,0.87633
1809,GILGFVFTL,0,0.87297
1830,GILGFVFTL,0,0.87775
1832,GILGFVFTL,0,0.86288
1837,GILGFVFTL,0,0.86673
1843,GILGFVFTL,0,0.86192
1844,GILGFVFTL,0,0.85819
1845,GILGFVFTL,0,0.86901
1846,GILGFVFTL,1,0.92095
1864,GILGFVFTL,0,0.88263
1865,GILGFVFTL,0,0.88405
1878,GILGFVFTL,0,0.89168
1889,GILGFVFTL,0,0.86635
1893,GILGFVFTL,0,0.86096
1898,GILGFVFTL,0,0.85957
1907,GILGFVFTL,0,0.84259
1913,GILGFVFTL,0,0.87234
1918,GILGFVFTL,1,0.99322
1921,GILGFVFTL,0,0.89151
1924,GILGFVFTL,0,0.85364
1936,GILGFVFTL,0,0.88736
1937,GILGFVFTL,0,0.8932
1938,GILGFVFTL,0,0.89472
1940,GILGFVFTL,0,0.87359
1958,GILGFVFTL,0,0.86527
1959,GILGFVFTL,0,0.87702
1963,GILGFVFTL,0,0.86782
1971,GILGFVFTL,1,0.9956
1985,GILGFVFTL,0,0.88807
1986,GILGFVFTL,0,0.87648
1992,GILGFVFTL,0,0.8959
1996,GILGFVFTL,0,0.88184
1999,GILGFVFTL,0,0.87495
2002,GILGFVFTL,0,0.86565
2006,GILGFVFTL,1,0.908
2008,GILGFVFTL,0,0.91736
2010,GILGFVFTL,1,0.9295
2012,GILGFVFTL,0,0.89482
2023,GILGFVFTL,0,0.86003
2025,GILGFVFTL,0,0.88463
2026,GILGFVFTL,0,0.87471
2029,GILGFVFTL,0,0.87772
2035,GILGFVFTL,0,0.88385
2042,GILGFVFTL,0,0.87081
2049,GILGFVFTL,1,0.99519
2055,GILGFVFTL,1,0.8786
2058,GILGFVFTL,0,0.90728
2070,GILGFVFTL,0,0.8798
2071,GILGFVFTL,0,0.87413
2072,GILGFVFTL,0,0.88369
2084,GILGFVFTL,0,0.86487
2087,GILGFVFTL,0,0.85144
2092,GILGFVFTL,1,0.9937
2103,GILGFVFTL,0,0.88241
2109,GILGFVFTL,1,0.92658
2113,GILGFVFTL,0,0.87274
2114,GILGFVFTL,0,0.86565
2115,GILGFVFTL,0,0.87106
2120,GILGFVFTL,0,0.90077
2123,GILGFVFTL,0,0.87254
2129,GILGFVFTL,0,0.84619
2133,GILGFVFTL,0,0.86125
2134,GILGFVFTL,1,0.88329
2135,GILGFVFTL,1,0.97536
2158,GILGFVFTL,1,0.95876
2162,GILGFVFTL,0,0.87706
2164,GILGFVFTL,1,0.96003
2167,GILGFVFTL,0,0.8805
2182,GILGFVFTL,0,0.91622
2188,GILGFVFTL,1,0.97932
2192,GILGFVFTL,0,0.89258
2196,GILGFVFTL,0,0.86619
2199,GILGFVFTL,0,0.87328
2200,GILGFVFTL,0,0.85934
2215,GILGFVFTL,0,0.8817
2220,GILGFVFTL,0,0.84906
2223,GILGFVFTL,0,0.85845
2225,GILGFVFTL,0,0.98186
2226,GILGFVFTL,0,0.86928
2227,GILGFVFTL,0,0.87642
2228,GILGFVFTL,0,0.8743
2231,GILGFVFTL,0,0.86063
2232,GILGFVFTL,0,0.88426
2234,GILGFVFTL,0,0.86653
2236,GILGFVFTL,0,0.88801
2238,GILGFVFTL,0,0.8965
2240,GILGFVFTL,1,0.97393
2244,GILGFVFTL,0,0.88729
2248,GILGFVFTL,0,0.87209
2253,GILGFVFTL,0,0.88163
2254,GILGFVFTL,0,0.88228
2255,GILGFVFTL,0,0.84337
2262,GILGFVFTL,0,0.85435
2265,GILGFVFTL,0,0.88901
2269,GILGFVFTL,0,0.86442
2272,GILGFVFTL,0,0.88159
2273,GILGFVFTL,0,0.87688
2277,GILGFVFTL,1,0.8754
2284,GILGFVFTL,0,0.90711
2285,GILGFVFTL,0,0.87129
2287,GILGFVFTL,0,0.8541
2289,GILGFVFTL,0,0.88062
2291,GILGFVFTL,0,0.88711
2305,GILGFVFTL,1,0.86804
2318,GILGFVFTL,0,0.89081
2321,GILGFVFTL,0,0.87631
2325,GILGFVFTL,0,0.87598
2328,GILGFVFTL,1,0.99728
2341,GILGFVFTL,1,0.93578
2344,GILGFVFTL,0,0.86208
2347,GILGFVFTL,0,0.85529
2348,GILGFVFTL,0,0.89164
2351,GILGFVFTL,0,0.87133
2355,GILGFVFTL,0,0.87739
2357,GILGFVFTL,0,0.90382
2366,GILGFVFTL,1,0.85055
2369,GILGFVFTL,0,0.87212
2370,GILGFVFTL,0,0.88319
2374,GILGFVFTL,1,0.92733
2375,GILGFVFTL,0,0.85079
2381,GILGFVFTL,0,0.84493
2384,GILGFVFTL,0,0.86704
2387,GILGFVFTL,0,0.88596
2391,GILGFVFTL,0,0.85222
2397,GILGFVFTL,0,0.88927
2400,GILGFVFTL,1,0.88324
2403,GILGFVFTL,1,1.0
2417,GILGFVFTL,0,0.86933
2426,GILGFVFTL,0,0.88896
2427,GILGFVFTL,0,0.87776
2429,GILGFVFTL,0,0.85631
2433,GILGFVFTL,0,0.86632
2434,GILGFVFTL,0,0.8758
2435,GILGFVFTL,0,0.87956
2448,GILGFVFTL,1,0.99693
2449,GILGFVFTL,0,0.86988
2450,GILGFVFTL,0,0.87541
2452,GILGFVFTL,0,0.87691
2456,GILGFVFTL,0,0.86487
2458,GILGFVFTL,0,0.89975
2461,GILGFVFTL,0,0.84989
2467,GILGFVFTL,0,0.86251
2473,GILGFVFTL,0,0.8772
2475,GILGFVFTL,0,0.86173
2480,GILGFVFTL,0,0.87336
2483,GILGFVFTL,1,0.97156
2485,GILGFVFTL,0,0.86664
2488,GILGFVFTL,1,0.92436
2490,GILGFVFTL,0,0.90733
2497,GILGFVFTL,0,0.87133
2500,GILGFVFTL,0,0.88668
2506,GILGFVFTL,0,0.87386
2517,GILGFVFTL,0,0.8583
2520,GILGFVFTL,1,0.93358
2528,GILGFVFTL,0,0.87671
2530,GILGFVFTL,1,0.99504
2533,GILGFVFTL,0,0.85842
2535,GILGFVFTL,0,0.86605
2542,GILGFVFTL,0,0.87091
2544,GILGFVFTL,0,0.84581
2545,GILGFVFTL,0,0.86573
2548,GILGFVFTL,0,0.86189
2552,GILGFVFTL,0,0.85815
2558,GILGFVFTL,1,0.9956
2564,GILGFVFTL,0,0.8875
2568,GILGFVFTL,0,0.84965
2575,GILGFVFTL,0,0.88778
2576,GILGFVFTL,1,0.96096
2580,GILGFVFTL,0,0.87401
2585,GILGFVFTL,0,0.88832
2587,GILGFVFTL,1,0.94536
2595,GILGFVFTL,0,0.88462
2599,GILGFVFTL,0,0.86834
2601,GILGFVFTL,0,0.88137
2603,GILGFVFTL,0,0.89679
2606,GILGFVFTL,0,0.86626
2609,GILGFVFTL,0,0.84627
2610,GILGFVFTL,0,0.8686
2617,GILGFVFTL,0,0.88591
2618,GILGFVFTL,0,0.89044
2619,GILGFVFTL,0,0.85145
2620,GILGFVFTL,0,0.88744
2626,GILGFVFTL,0,0.85673
2650,GILGFVFTL,1,0.9956
2651,GILGFVFTL,0,0.8774
2652,GILGFVFTL,0,0.8747
2659,GILGFVFTL,0,0.87054
2660,GILGFVFTL,0,0.885
2661,GILGFVFTL,0,0.87055
2664,GILGFVFTL,0,0.86266
2665,GILGFVFTL,0,0.92323
2669,GILGFVFTL,1,0.95277
2670,GILGFVFTL,0,0.92442
2671,GILGFVFTL,0,0.85218
2678,GILGFVFTL,0,0.85296
2679,GILGFVFTL,1,0.9757
2681,GILGFVFTL,0,0.88276
2685,GILGFVFTL,0,0.87069
2687,GILGFVFTL,0,0.89509
2698,GILGFVFTL,0,0.84681
2700,GILGFVFTL,0,0.85405
2707,GILGFVFTL,0,0.86771
2712,GILGFVFTL,0,0.864
2714,GILGFVFTL,0,0.89206
2724,GILGFVFTL,0,0.85678
2727,GILGFVFTL,1,0.91759
2728,GILGFVFTL,0,0.84789
2729,GILGFVFTL,0,0.85359
2736,GILGFVFTL,0,0.88074
2737,GILGFVFTL,0,0.93351
2743,GILGFVFTL,0,0.88179
2749,GILGFVFTL,0,0.8428
2750,GILGFVFTL,0,0.87305
2751,GILGFVFTL,0,0.89534
2755,GILGFVFTL,0,0.86787
2757,GILGFVFTL,0,0.86743
2759,GILGFVFTL,0,0.87669
2765,GILGFVFTL,0,0.88426
2768,GILGFVFTL,1,0.97817
2773,GILGFVFTL,1,0.98113
2798,GILGFVFTL,0,0.88092
2801,GILGFVFTL,0,0.87711
2804,GILGFVFTL,0,0.88824
2808,GILGFVFTL,0,0.86357
2814,GILGFVFTL,0,0.88571
2820,GILGFVFTL,1,0.91173
2826,GILGFVFTL,0,0.86652
2830,GILGFVFTL,0,0.87613
2832,GILGFVFTL,0,0.89256
2837,GILGFVFTL,1,0.98931
2838,GILGFVFTL,0,0.87318
2841,GILGFVFTL,0,0.85262
2843,GILGFVFTL,0,0.84724
2844,GILGFVFTL,0,0.90004
2849,GILGFVFTL,0,0.86582
2855,GILGFVFTL,0,0.89884
2857,GILGFVFTL,0,0.87128
2861,GILGFVFTL,0,0.85787
2865,GILGFVFTL,0,0.85861
2868,GILGFVFTL,1,0.93261
2870,GILGFVFTL,0,0.87426
2877,GILGFVFTL,1,0.99507
2885,GILGFVFTL,1,0.86491
2890,GILGFVFTL,0,0.86838
2893,GILGFVFTL,0,0.89641
2896,GILGFVFTL,0,0.87763
2899,GILGFVFTL,0,0.86478
2910,GILGFVFTL,1,0.96371
2912,GILGFVFTL,0,0.95464
2920,GILGFVFTL,0,0.84826
2921,GILGFVFTL,0,0.88148
2933,GILGFVFTL,1,0.97906
2935,GILGFVFTL,1,0.98402
2936,GILGFVFTL,1,0.95093
2941,GILGFVFTL,0,0.86678
2954,GILGFVFTL,0,0.85131
2965,GILGFVFTL,0,0.86932
2966,GILGFVFTL,0,0.86799
2974,GILGFVFTL,1,0.87256
2984,GILGFVFTL,0,0.88125
2992,GILGFVFTL,0,0.87137
3003,GILGFVFTL,0,0.85457
3016,GILGFVFTL,0,0.85592
3018,GILGFVFTL,0,0.88027
3022,GILGFVFTL,0,0.87306
3024,GILGFVFTL,0,0.89891
3048,GILGFVFTL,0,0.89311
3053,GILGFVFTL,0,0.86333
3057,GILGFVFTL,1,0.98221
3064,GILGFVFTL,0,0.89836
3068,GILGFVFTL,0,0.9018
3082,GILGFVFTL,0,0.90362
3085,GILGFVFTL,0,0.85546
3091,GILGFVFTL,0,0.87052
3093,GILGFVFTL,0,0.88444
3099,GILGFVFTL,1,0.99726
3101,GILGFVFTL,1,0.98575
3102,GILGFVFTL,0,0.87895
3104,GILGFVFTL,0,0.86877
3105,GILGFVFTL,0,0.87533
3116,GILGFVFTL,1,0.98886
3117,GILGFVFTL,0,0.87155
3118,GILGFVFTL,1,0.9956
3120,GILGFVFTL,0,0.87925
3123,GILGFVFTL,0,0.8516
3134,GILGFVFTL,0,0.86689
3136,GILGFVFTL,0,0.87796
3140,GILGFVFTL,0,0.88922
3148,GILGFVFTL,0,0.8717
3152,GILGFVFTL,0,0.88334
3159,GILGFVFTL,0,0.86964
3160,GILGFVFTL,1,0.98202
3162,GILGFVFTL,0,0.89033
3166,GILGFVFTL,0,0.87574
3167,GILGFVFTL,0,0.88931
3168,GILGFVFTL,0,0.87448
3170,GILGFVFTL,0,0.86298
3171,GILGFVFTL,1,0.99188
3173,GILGFVFTL,0,0.8707
3175,GILGFVFTL,0,0.88076
3176,GILGFVFTL,0,0.85512
3177,GILGFVFTL,0,0.85671
3179,GILGFVFTL,0,0.87209
3184,GILGFVFTL,0,0.85937
3187,GILGFVFTL,0,0.86302
3190,GILGFVFTL,0,0.91553
3193,GILGFVFTL,0,0.86286
3194,GILGFVFTL,0,0.86269
3196,GILGFVFTL,0,0.88096
3207,GILGFVFTL,0,0.8606
3209,GILGFVFTL,1,0.86579
3212,GILGFVFTL,1,0.99728
3221,GILGFVFTL,0,0.8755
3223,GILGFVFTL,0,0.86604
3224,GILGFVFTL,0,0.88125
3233,GILGFVFTL,0,0.87316
3237,GILGFVFTL,0,0.91185
3243,GILGFVFTL,0,0.88207
3244,GILGFVFTL,0,0.88628
3245,GILGFVFTL,1,0.99023
3246,GILGFVFTL,0,0.89474
3248,GILGFVFTL,0,0.88567
3261,GILGFVFTL,0,0.86308
3266,GILGFVFTL,0,0.90632
3275,GILGFVFTL,0,0.87121
3281,GILGFVFTL,1,0.97708
3284,GILGFVFTL,0,0.86041
3285,GILGFVFTL,0,0.87759
3287,GILGFVFTL,1,0.88177
3288,GILGFVFTL,0,0.88704
3290,GILGFVFTL,1,0.98448
3291,GILGFVFTL,0,0.85088
3294,GILGFVFTL,0,0.88187
3298,GILGFVFTL,0,0.89987
3300,GILGFVFTL,0,0.86438
3312,GILGFVFTL,0,0.9111
3313,GILGFVFTL,0,0.88058
3319,GILGFVFTL,0,0.90088
3320,GILGFVFTL,0,0.88157
3329,GILGFVFTL,0,0.87992
3331,GILGFVFTL,0,0.90071
3338,GILGFVFTL,1,0.98578
3340,GILGFVFTL,1,0.97072
3342,GILGFVFTL,0,0.86509
3348,GILGFVFTL,0,0.88533
3350,GILGFVFTL,0,0.88631
3352,GILGFVFTL,0,0.87463
3356,GILGFVFTL,1,0.95321
3358,GILGFVFTL,0,0.87362
3362,GILGFVFTL,0,0.88014
3368,GILGFVFTL,0,0.88869
3372,GILGFVFTL,0,0.8372
3374,GILGFVFTL,0,0.85925
3381,GILGFVFTL,0,0.8616
3383,GILGFVFTL,0,0.89151
3384,GILGFVFTL,0,0.86572
3386,GILGFVFTL,0,0.85779
3390,GILGFVFTL,0,0.8667
3392,GILGFVFTL,0,0.86454
3396,GILGFVFTL,0,0.90206
3403,GILGFVFTL,0,0.87002
3405,GILGFVFTL,0,0.86062
3415,GILGFVFTL,0,0.86095
3421,GILGFVFTL,0,0.8882
3422,GILGFVFTL,0,0.87617
3425,GILGFVFTL,0,0.86004
3426,GILGFVFTL,0,0.86598
3431,GILGFVFTL,0,0.83392
3438,GILGFVFTL,0,0.86741
3441,GILGFVFTL,0,0.90227
3442,GILGFVFTL,0,0.86071
3447,GILGFVFTL,0,0.87676
3451,GILGFVFTL,1,0.90287
3458,GILGFVFTL,0,0.8726
3463,GILGFVFTL,0,0.85376
3465,GILGFVFTL,1,0.9902
3474,GILGFVFTL,0,0.88326
3481,GILGFVFTL,0,0.85936
3490,GILGFVFTL,0,0.84222
3498,GILGFVFTL,0,0.87367
3503,GILGFVFTL,0,0.87861
3509,GILGFVFTL,0,0.86964
3510,GILGFVFTL,1,0.99188
3514,GILGFVFTL,0,0.89597
3521,GILGFVFTL,0,0.8846
3524,GILGFVFTL,0,0.87943
3525,GILGFVFTL,0,0.88345
3531,GILGFVFTL,0,0.88741
3538,GILGFVFTL,0,0.85958
3542,GILGFVFTL,0,0.87421
3543,GILGFVFTL,0,0.85093
3552,GILGFVFTL,0,0.85225
3559,GILGFVFTL,0,0.88899
3560,GILGFVFTL,0,0.87649
3563,GILGFVFTL,0,0.87218
3564,GILGFVFTL,1,0.96085
3570,GILGFVFTL,0,0.8686
3575,GILGFVFTL,0,0.84157
3577,GILGFVFTL,0,0.88945
3586,GILGFVFTL,1,0.98997
3587,GILGFVFTL,1,0.969
3589,GILGFVFTL,0,0.86634
3592,GILGFVFTL,0,0.87281
3605,GILGFVFTL,0,0.88237
3612,GILGFVFTL,0,0.87376
3628,GILGFVFTL,1,0.98007
3632,GILGFVFTL,0,0.86876
3642,GILGFVFTL,0,0.9028
3643,GILGFVFTL,0,0.8923
3644,GILGFVFTL,0,0.86179
3647,GILGFVFTL,0,0.88587
3649,GILGFVFTL,0,0.86991
3650,GILGFVFTL,0,0.84571
3653,GILGFVFTL,0,0.86013
3654,GILGFVFTL,0,0.88426
3660,GILGFVFTL,0,0.87044
3661,GILGFVFTL,0,0.86434
3662,GILGFVFTL,0,0.86846
3665,GILGFVFTL,0,0.88688
3666,GILGFVFTL,0,0.89112
0,NLVPMVATV,0,0.88537
16,NLVPMVATV,1,0.86195
22,NLVPMVATV,0,0.85792
31,NLVPMVATV,0,0.86606
59,NLVPMVATV,0,0.86543
65,NLVPMVATV,0,0.86572
66,NLVPMVATV,0,0.87876
87,NLVPMVATV,1,0.98453
92,NLVPMVATV,0,0.89493
94,NLVPMVATV,0,0.87528
98,NLVPMVATV,0,0.86728
101,NLVPMVATV,0,0.87876
128,NLVPMVATV,0,0.86505
167,NLVPMVATV,0,0.85939
175,NLVPMVATV,1,0.86132
182,NLVPMVATV,1,0.87492
189,NLVPMVATV,0,0.8796
198,NLVPMVATV,0,0.89765
200,NLVPMVATV,1,0.86716
213,NLVPMVATV,0,0.86134
215,NLVPMVATV,0,0.86608
217,NLVPMVATV,0,0.86472
239,NLVPMVATV,0,0.97089
241,NLVPMVATV,0,0.87095
250,NLVPMVATV,1,0.87043
252,NLVPMVATV,0,0.87865
265,NLVPMVATV,0,0.85894
273,NLVPMVATV,0,0.91897
284,NLVPMVATV,0,0.83618
288,NLVPMVATV,0,0.86815
307,NLVPMVATV,1,0.89917
311,NLVPMVATV,0,0.94325
316,NLVPMVATV,0,0.87276
317,NLVPMVATV,0,0.87057
341,NLVPMVATV,0,0.88804
344,NLVPMVATV,0,0.88671
353,NLVPMVATV,0,0.88757
356,NLVPMVATV,0,0.88293
362,NLVPMVATV,0,0.85813
374,NLVPMVATV,0,0.89066
387,NLVPMVATV,0,0.86733
397,NLVPMVATV,1,0.99263
426,NLVPMVATV,0,0.88526
433,NLVPMVATV,0,0.8635
440,NLVPMVATV,0,0.92811
447,NLVPMVATV,0,0.86928
495,NLVPMVATV,0,0.90604
508,NLVPMVATV,0,0.88815
509,NLVPMVATV,0,0.8951
512,NLVPMVATV,1,0.86739
529,NLVPMVATV,0,0.90203
530,NLVPMVATV,0,0.90287
532,NLVPMVATV,0,0.84043
537,NLVPMVATV,0,0.87221
541,NLVPMVATV,1,0.89206
544,NLVPMVATV,0,0.88289
557,NLVPMVATV,0,0.8961
558,NLVPMVATV,0,0.84719
565,NLVPMVATV,0,0.87411
566,NLVPMVATV,0,0.89695
573,NLVPMVATV,0,0.89461
587,NLVPMVATV,0,0.86805
591,NLVPMVATV,1,0.86373
612,NLVPMVATV,0,0.83284
616,NLVPMVATV,0,0.85837
623,NLVPMVATV,0,0.87114
624,NLVPMVATV,1,0.87003
628,NLVPMVATV,0,0.93592
647,NLVPMVATV,0,0.93845
653,NLVPMVATV,0,0.90916
669,NLVPMVATV,1,0.88066
677,NLVPMVATV,0,0.90401
701,NLVPMVATV,0,0.88814
719,NLVPMVATV,0,0.85787
727,NLVPMVATV,0,0.87557
732,NLVPMVATV,0,0.88935
751,NLVPMVATV,0,0.88547
760,NLVPMVATV,0,0.88896
764,NLVPMVATV,0,0.85927
782,NLVPMVATV,0,0.87216
792,NLVPMVATV,0,0.89154
817,NLVPMVATV,0,0.8763
828,NLVPMVATV,0,0.88249
832,NLVPMVATV,0,0.87552
836,NLVPMVATV,0,0.87194
838,NLVPMVATV,0,0.8885
840,NLVPMVATV,0,0.85133
858,NLVPMVATV,0,0.87685
863,NLVPMVATV,0,0.87334
867,NLVPMVATV,0,0.87044
869,NLVPMVATV,0,0.90286
880,NLVPMVATV,1,0.89291
883,NLVPMVATV,0,0.86508
890,NLVPMVATV,0,0.87622
892,NLVPMVATV,0,0.90448
898,NLVPMVATV,0,0.87336
902,NLVPMVATV,0,0.85095
925,NLVPMVATV,0,0.86227
940,NLVPMVATV,0,0.86897
941,NLVPMVATV,0,0.88188
945,NLVPMVATV,0,0.87492
947,NLVPMVATV,0,0.93625
954,NLVPMVATV,0,0.852
955,NLVPMVATV,0,0.83803
959,NLVPMVATV,0,0.87165
968,NLVPMVATV,0,0.87941
975,NLVPMVATV,0,0.86378
978,NLVPMVATV,0,0.87423
983,NLVPMVATV,0,0.92084
996,NLVPMVATV,0,0.94432
1011,NLVPMVATV,1,0.88176
1020,NLVPMVATV,0,0.87061
1022,NLVPMVATV,0,0.8568
1027,NLVPMVATV,0,0.87785
1034,NLVPMVATV,0,0.85371
1042,NLVPMVATV,0,0.88299
1049,NLVPMVATV,0,0.89204
1050,NLVPMVATV,1,0.98741
1062,NLVPMVATV,1,0.86605
1079,NLVPMVATV,0,0.88873
1083,NLVPMVATV,0,0.87584
1090,NLVPMVATV,0,0.89764
1092,NLVPMVATV,0,0.88464
1100,NLVPMVATV,0,0.86965
1110,NLVPMVATV,0,0.87829
1115,NLVPMVATV,0,0.87344
1116,NLVPMVATV,0,0.89291
1133,NLVPMVATV,0,0.85939
1137,NLVPMVATV,0,0.86685
1145,NLVPMVATV,0,0.92758
1153,NLVPMVATV,0,0.94142
1171,NLVPMVATV,0,0.87311
1181,NLVPMVATV,0,0.89851
1188,NLVPMVATV,0,0.85671
1214,NLVPMVATV,0,0.8737
1238,NLVPMVATV,0,0.91111
1242,NLVPMVATV,0,0.87309
1245,NLVPMVATV,1,0.87647
1260,NLVPMVATV,0,0.8768
1280,NLVPMVATV,1,0.88399
1316,NLVPMVATV,0,0.88616
1321,NLVPMVATV,1,0.87939
1325,NLVPMVATV,0,0.88313
1333,NLVPMVATV,0,0.87892
1336,NLVPMVATV,0,0.85997
1337,NLVPMVATV,0,0.85255
1339,NLVPMVATV,0,0.89898
1348,NLVPMVATV,0,0.8893
1371,NLVPMVATV,0,0.86032
1378,NLVPMVATV,1,0.94811
1381,NLVPMVATV,0,0.86801
1385,NLVPMVATV,0,0.91117
1392,NLVPMVATV,0,0.86781
1401,NLVPMVATV,0,0.8697
1402,NLVPMVATV,0,0.88426
1411,NLVPMVATV,0,0.8889
1416,NLVPMVATV,0,0.8818
1418,NLVPMVATV,0,0.85777
1419,NLVPMVATV,1,0.95733
1423,NLVPMVATV,0,0.8891
1436,NLVPMVATV,0,0.8578
1440,NLVPMVATV,1,0.89251
1446,NLVPMVATV,0,0.86254
1488,NLVPMVATV,0,0.89297
1517,NLVPMVATV,0,0.88609
1526,NLVPMVATV,0,0.88236
1533,NLVPMVATV,0,0.90522
1542,NLVPMVATV,0,0.87265
1545,NLVPMVATV,0,0.90013
1546,NLVPMVATV,0,0.87755
1560,NLVPMVATV,1,0.8703
1562,NLVPMVATV,1,0.97919
1569,NLVPMVATV,0,0.8761
1571,NLVPMVATV,0,0.92871
1573,NLVPMVATV,1,0.98302
1575,NLVPMVATV,0,0.86802
1578,NLVPMVATV,0,0.8813
1585,NLVPMVATV,0,0.85763
1588,NLVPMVATV,0,0.8668
1601,NLVPMVATV,0,0.94922
1602,NLVPMVATV,0,0.89503
1611,NLVPMVATV,0,0.87942
1621,NLVPMVATV,0,0.87508
1629,NLVPMVATV,0,0.84959
1630,NLVPMVATV,0,0.85779
1635,NLVPMVATV,0,0.89541
1646,NLVPMVATV,0,0.87011
1672,NLVPMVATV,0,0.90155
1678,NLVPMVATV,0,0.87046
1694,NLVPMVATV,0,0.86509
1701,NLVPMVATV,1,0.97625
1714,NLVPMVATV,0,0.87293
1716,NLVPMVATV,0,0.8616
1725,NLVPMVATV,0,0.88004
1739,NLVPMVATV,0,0.88216
1769,NLVPMVATV,0,0.87662
1773,NLVPMVATV,0,0.90923
1794,NLVPMVATV,1,0.92841
1800,NLVPMVATV,1,0.8885
1803,NLVPMVATV,0,0.88652
1826,NLVPMVATV,0,0.84758
1835,NLVPMVATV,1,0.87906
1836,NLVPMVATV,0,0.90689
1839,NLVPMVATV,1,0.85401
1849,NLVPMVATV,0,0.88023
1857,NLVPMVATV,0,0.88279
1871,NLVPMVATV,0,0.88693
1882,NLVPMVATV,0,0.88577
1888,NLVPMVATV,0,0.95338
1891,NLVPMVATV,0,0.85688
1892,NLVPMVATV,0,0.87644
1895,NLVPMVATV,1,0.86505
1915,NLVPMVATV,1,0.86842
1927,NLVPMVATV,0,0.85984
1930,NLVPMVATV,1,0.95916
1947,NLVPMVATV,0,0.8782
1956,NLVPMVATV,0,0.87584
1973,NLVPMVATV,0,0.85477
1975,NLVPMVATV,0,0.87234
1987,NLVPMVATV,0,0.89436
1989,NLVPMVATV,0,0.88416
1994,NLVPMVATV,0,0.87015
2013,NLVPMVATV,1,0.91826
2015,NLVPMVATV,0,0.85682
2017,NLVPMVATV,0,0.86723
2024,NLVPMVATV,0,0.86749
2030,NLVPMVATV,1,0.85323
2031,NLVPMVATV,0,0.8826
2032,NLVPMVATV,0,0.87629
2045,NLVPMVATV,0,0.88555
2052,NLVPMVATV,0,0.84819
2062,NLVPMVATV,0,0.86133
2083,NLVPMVATV,0,0.88097
2097,NLVPMVATV,0,0.86713
2100,NLVPMVATV,0,0.94301
2104,NLVPMVATV,0,0.85487
2107,NLVPMVATV,1,0.8706
2122,NLVPMVATV,0,0.88323
2124,NLVPMVATV,1,0.90095
2145,NLVPMVATV,0,0.87744
2160,NLVPMVATV,0,0.87228
2163,NLVPMVATV,0,0.86529
2166,NLVPMVATV,0,0.90309
2169,NLVPMVATV,0,0.86179
2173,NLVPMVATV,0,0.86788
2177,NLVPMVATV,0,0.88248
2178,NLVPMVATV,0,0.85589
2183,NLVPMVATV,0,0.86812
2216,NLVPMVATV,0,0.88232
2229,NLVPMVATV,1,0.85744
2230,NLVPMVATV,0,0.86425
2233,NLVPMVATV,0,0.86517
2239,NLVPMVATV,0,0.85961
2242,NLVPMVATV,0,0.89096
2245,NLVPMVATV,0,0.87156
2282,NLVPMVATV,1,0.90335
2306,NLVPMVATV,1,0.86105
2309,NLVPMVATV,0,0.86142
2310,NLVPMVATV,0,0.88334
2327,NLVPMVATV,0,0.96762
2336,NLVPMVATV,0,0.90087
2361,NLVPMVATV,0,0.83379
2367,NLVPMVATV,0,0.9003
2379,NLVPMVATV,0,0.85663
2385,NLVPMVATV,0,0.85589
2390,NLVPMVATV,0,0.85779
2392,NLVPMVATV,0,0.86031
2394,NLVPMVATV,0,0.8596
2406,NLVPMVATV,1,0.86418
2411,NLVPMVATV,0,0.86564
2416,NLVPMVATV,1,0.85259
2419,NLVPMVATV,0,0.89271
2431,NLVPMVATV,0,0.86875
2440,NLVPMVATV,0,0.89256
2441,NLVPMVATV,0,0.88931
2444,NLVPMVATV,0,0.86913
2453,NLVPMVATV,0,0.85428
2454,NLVPMVATV,0,0.87178
2463,NLVPMVATV,0,0.86393
2469,NLVPMVATV,1,0.87112
2472,NLVPMVATV,0,0.85161
2478,NLVPMVATV,0,0.8786
2492,NLVPMVATV,0,0.86755
2493,NLVPMVATV,0,0.85727
2502,NLVPMVATV,0,0.86237
2505,NLVPMVATV,0,0.86725
2516,NLVPMVATV,0,0.89258
2539,NLVPMVATV,0,0.85807
2543,NLVPMVATV,0,0.86846
2546,NLVPMVATV,0,0.87789
2562,NLVPMVATV,0,0.8847
2567,NLVPMVATV,0,0.85292
2589,NLVPMVATV,0,0.8631
2591,NLVPMVATV,0,0.88881
2605,NLVPMVATV,0,0.95345
2615,NLVPMVATV,0,0.87885
2633,NLVPMVATV,0,0.88639
2647,NLVPMVATV,0,0.88827
2673,NLVPMVATV,0,0.87652
2702,NLVPMVATV,0,0.87151
2704,NLVPMVATV,0,0.88063
2705,NLVPMVATV,0,0.89311
2709,NLVPMVATV,1,0.89493
2718,NLVPMVATV,1,0.88982
2756,NLVPMVATV,1,0.98242
2762,NLVPMVATV,1,0.88669
2771,NLVPMVATV,0,0.91002
2776,NLVPMVATV,0,0.91019
2778,NLVPMVATV,1,0.88974
2780,NLVPMVATV,0,0.91284
2794,NLVPMVATV,1,0.91087
2803,NLVPMVATV,0,0.84758
2818,NLVPMVATV,0,0.85646
2824,NLVPMVATV,0,0.87247
2829,NLVPMVATV,0,0.88829
2834,NLVPMVATV,0,0.8576
2851,NLVPMVATV,0,0.8648
2853,NLVPMVATV,0,0.87759
2871,NLVPMVATV,0,0.86539
2874,NLVPMVATV,1,0.97919
2879,NLVPMVATV,0,0.87718
2880,NLVPMVATV,0,0.87826
2894,NLVPMVATV,0,0.87489
2901,NLVPMVATV,0,0.89185
2902,NLVPMVATV,0,0.88361
2903,NLVPMVATV,0,0.88192
2918,NLVPMVATV,0,0.91934
2930,NLVPMVATV,0,0.86519
2959,NLVPMVATV,0,0.94181
2964,NLVPMVATV,1,0.91136
2989,NLVPMVATV,0,0.8729
2991,NLVPMVATV,0,0.87142
3001,NLVPMVATV,0,0.8781
3012,NLVPMVATV,0,0.87057
3014,NLVPMVATV,1,0.87642
3027,NLVPMVATV,0,0.869
3029,NLVPMVATV,0,0.8954
3036,NLVPMVATV,1,0.9271
3066,NLVPMVATV,0,0.86268
3073,NLVPMVATV,1,0.985
3078,NLVPMVATV,1,0.85182
3079,NLVPMVATV,0,0.84055
3098,NLVPMVATV,0,0.97454
3103,NLVPMVATV,0,0.87115
3128,NLVPMVATV,0,0.91183
3133,NLVPMVATV,0,0.89192
3138,NLVPMVATV,1,0.88027
3139,NLVPMVATV,0,0.89145
3143,NLVPMVATV,0,0.8849
3157,NLVPMVATV,0,0.86612
3208,NLVPMVATV,0,0.87179
3215,NLVPMVATV,0,0.88985
3216,NLVPMVATV,0,0.87709
3220,NLVPMVATV,0,0.8633
3236,NLVPMVATV,0,0.8838
3242,NLVPMVATV,1,0.84032
3249,NLVPMVATV,0,0.87529
3255,NLVPMVATV,0,0.88014
3256,NLVPMVATV,1,0.85645
3257,NLVPMVATV,0,0.9454
3258,NLVPMVATV,0,0.88977
3260,NLVPMVATV,0,0.88408
3270,NLVPMVATV,0,0.84986
3280,NLVPMVATV,0,0.86134
3302,NLVPMVATV,0,0.87195
3307,NLVPMVATV,1,0.88988
3308,NLVPMVATV,0,0.87007
3317,NLVPMVATV,1,0.88871
3318,NLVPMVATV,0,0.87762
3323,NLVPMVATV,0,0.8722
3334,NLVPMVATV,0,0.86842
3354,NLVPMVATV,1,0.8983
3359,NLVPMVATV,1,0.99708
3360,NLVPMVATV,0,0.89279
3385,NLVPMVATV,0,0.88591
3387,NLVPMVATV,0,0.86528
3401,NLVPMVATV,0,0.94047
3407,NLVPMVATV,1,0.95781
3411,NLVPMVATV,1,0.93779
3412,NLVPMVATV,0,0.87318
3419,NLVPMVATV,0,0.87345
3424,NLVPMVATV,0,0.84572
3434,NLVPMVATV,0,0.9187
3440,NLVPMVATV,0,0.86871
3452,NLVPMVATV,1,0.8931
3467,NLVPMVATV,0,0.87556
3483,NLVPMVATV,0,0.87603
3488,NLVPMVATV,0,0.88655
3494,NLVPMVATV,0,0.85818
3495,NLVPMVATV,0,0.86828
3500,NLVPMVATV,0,0.88591
3501,NLVPMVATV,0,0.87493
3504,NLVPMVATV,0,0.87489
3505,NLVPMVATV,0,0.83573
3537,NLVPMVATV,0,0.88196
3540,NLVPMVATV,0,0.90306
3544,NLVPMVATV,0,0.88575
3548,NLVPMVATV,1,0.95089
3554,NLVPMVATV,0,0.87834
3574,NLVPMVATV,0,0.86308
3591,NLVPMVATV,0,0.87087
3599,NLVPMVATV,0,0.87278
3604,NLVPMVATV,0,0.87442
3609,NLVPMVATV,0,0.89128
3622,NLVPMVATV,0,0.88335
3623,NLVPMVATV,0,0.90057
3629,NLVPMVATV,1,0.99106
3630,NLVPMVATV,0,0.86949
3658,NLVPMVATV,0,0.86948
3671,NLVPMVATV,1,0.94563
3672,NLVPMVATV,0,0.86644
17,YLQPRTFLL,0,0.87283
27,YLQPRTFLL,1,0.94959
43,YLQPRTFLL,0,0.87729
53,YLQPRTFLL,0,0.8738
63,YLQPRTFLL,0,0.86259
67,YLQPRTFLL,0,0.89716
71,YLQPRTFLL,0,0.88848
85,YLQPRTFLL,1,0.82967
88,YLQPRTFLL,0,0.90119
97,YLQPRTFLL,0,0.88638
109,YLQPRTFLL,0,0.86368
112,YLQPRTFLL,0,0.90157
114,YLQPRTFLL,0,0.87614
124,YLQPRTFLL,0,0.88658
132,YLQPRTFLL,0,0.89038
138,YLQPRTFLL,1,0.85458
145,YLQPRTFLL,0,0.87688
148,YLQPRTFLL,1,0.87883
160,YLQPRTFLL,0,0.86378
181,YLQPRTFLL,0,0.87441
193,YLQPRTFLL,0,0.88563
230,YLQPRTFLL,0,0.87001
231,YLQPRTFLL,0,0.84688
255,YLQPRTFLL,1,0.9812
280,YLQPRTFLL,0,0.85266
282,YLQPRTFLL,0,0.88126
283,YLQPRTFLL,0,0.86088
286,YLQPRTFLL,0,0.88224
303,YLQPRTFLL,1,0.96722
318,YLQPRTFLL,0,0.8902
320,YLQPRTFLL,1,0.96919
321,YLQPRTFLL,1,0.96937
336,YLQPRTFLL,0,0.94822
337,YLQPRTFLL,1,0.86815
346,YLQPRTFLL,0,0.86893
354,YLQPRTFLL,0,0.88204
359,YLQPRTFLL,0,0.89176
370,YLQPRTFLL,0,0.88332
396,YLQPRTFLL,0,0.88821
406,YLQPRTFLL,0,0.85894
409,YLQPRTFLL,0,0.90646
410,YLQPRTFLL,0,0.84541
418,YLQPRTFLL,0,0.86243
423,YLQPRTFLL,0,0.87879
425,YLQPRTFLL,0,0.88048
436,YLQPRTFLL,0,0.90246
438,YLQPRTFLL,0,0.86129
443,YLQPRTFLL,0,0.91287
450,YLQPRTFLL,0,0.87266
462,YLQPRTFLL,0,0.87667
465,YLQPRTFLL,0,0.89601
468,YLQPRTFLL,0,0.87894
469,YLQPRTFLL,0,0.87685
475,YLQPRTFLL,0,0.87657
479,YLQPRTFLL,0,0.86791
485,YLQPRTFLL,0,0.89231
505,YLQPRTFLL,0,0.85709
562,YLQPRTFLL,1,0.96366
567,YLQPRTFLL,0,0.86518
575,YLQPRTFLL,0,0.88069
583,YLQPRTFLL,0,0.87321
584,YLQPRTFLL,0,0.87375
598,YLQPRTFLL,0,0.87415
608,YLQPRTFLL,0,0.85269
626,YLQPRTFLL,0,0.85927
637,YLQPRTFLL,0,0.89437
646,YLQPRTFLL,0,0.86402
679,YLQPRTFLL,0,0.87046
686,YLQPRTFLL,0,0.87813
687,YLQPRTFLL,0,0.94388
689,YLQPRTFLL,0,0.84464
693,YLQPRTFLL,0,0.93647
694,YLQPRTFLL,1,0.95844
697,YLQPRTFLL,0,0.87118
704,YLQPRTFLL,0,0.9029
707,YLQPRTFLL,0,0.88217
723,YLQPRTFLL,0,0.86372
725,YLQPRTFLL,1,0.9634
733,YLQPRTFLL,0,0.86785
734,YLQPRTFLL,1,0.86035
749,YLQPRTFLL,0,0.8895
755,YLQPRTFLL,0,0.84901
762,YLQPRTFLL,0,0.88504
770,YLQPRTFLL,0,0.88324
773,YLQPRTFLL,0,0.86271
795,YLQPRTFLL,0,0.86355
803,YLQPRTFLL,0,0.8722
810,YLQPRTFLL,1,0.86208
814,YLQPRTFLL,0,0.86579
818,YLQPRTFLL,1,0.87365
821,YLQPRTFLL,0,0.87335
830,YLQPRTFLL,0,0.86654
831,YLQPRTFLL,0,0.87143
841,YLQPRTFLL,0,0.86431
887,YLQPRTFLL,0,0.88114
891,YLQPRTFLL,0,0.85986
896,YLQPRTFLL,0,0.87487
929,YLQPRTFLL,0,0.86727
942,YLQPRTFLL,0,0.87205
943,YLQPRTFLL,0,0.8845
952,YLQPRTFLL,1,0.95731
953,YLQPRTFLL,0,0.89218
957,YLQPRTFLL,0,0.94689
963,YLQPRTFLL,0,0.88829
976,YLQPRTFLL,0,0.85402
977,YLQPRTFLL,0,0.88713
982,YLQPRTFLL,0,0.8665
998,YLQPRTFLL,0,0.89167
1006,YLQPRTFLL,0,0.88357
1007,YLQPRTFLL,0,0.87093
1019,YLQPRTFLL,1,0.95491
1032,YLQPRTFLL,0,0.87769
1035,YLQPRTFLL,0,0.85357
1036,YLQPRTFLL,0,0.87414
1059,YLQPRTFLL,1,0.8622
1072,YLQPRTFLL,0,0.82646
1073,YLQPRTFLL,0,0.89087
1077,YLQPRTFLL,0,0.87466
1086,YLQPRTFLL,0,0.85773
1106,YLQPRTFLL,1,0.96394
1108,YLQPRTFLL,0,0.84653
1141,YLQPRTFLL,0,0.87913
1143,YLQPRTFLL,0,0.87469
1149,YLQPRTFLL,0,0.86257
1156,YLQPRTFLL,0,0.87718
1160,YLQPRTFLL,0,0.84868
1161,YLQPRTFLL,0,0.87037
1164,YLQPRTFLL,0,0.86787
1165,YLQPRTFLL,0,0.89645
1172,YLQPRTFLL,0,0.88873
1177,YLQPRTFLL,0,0.89661
1186,YLQPRTFLL,0,0.87173
1207,YLQPRTFLL,0,0.8894
1217,YLQPRTFLL,0,0.87518
1230,YLQPRTFLL,0,0.87589
1233,YLQPRTFLL,0,0.8741
1241,YLQPRTFLL,0,0.87757
1246,YLQPRTFLL,0,0.91046
1247,YLQPRTFLL,0,0.86368
1258,YLQPRTFLL,0,0.89169
1264,YLQPRTFLL,0,0.86668
1270,YLQPRTFLL,0,0.8612
1273,YLQPRTFLL,0,0.87623
1288,YLQPRTFLL,1,0.90562
1292,YLQPRTFLL,0,0.84766
1294,YLQPRTFLL,0,0.87305
1295,YLQPRTFLL,0,0.90073
1307,YLQPRTFLL,0,0.86683
1319,YLQPRTFLL,1,0.93265
1327,YLQPRTFLL,0,0.87201
1328,YLQPRTFLL,1,0.88348
1329,YLQPRTFLL,0,0.87556
1331,YLQPRTFLL,1,0.9938
1355,YLQPRTFLL,0,0.90998
1356,YLQPRTFLL,0,0.87745
1357,YLQPRTFLL,0,0.86066
1358,YLQPRTFLL,0,0.88153
1363,YLQPRTFLL,1,0.94376
1364,YLQPRTFLL,1,0.88877
1365,YLQPRTFLL,0,0.8831
1372,YLQPRTFLL,0,0.87313
1379,YLQPRTFLL,0,0.88724
1384,YLQPRTFLL,0,0.90773
1386,YLQPRTFLL,0,0.8813
1400,YLQPRTFLL,0,0.87697
1409,YLQPRTFLL,0,0.84972
1413,YLQPRTFLL,0,0.86456
1459,YLQPRTFLL,0,0.87826
1462,YLQPRTFLL,0,0.88052
1463,YLQPRTFLL,0,0.87987
1482,YLQPRTFLL,0,0.86677
1492,YLQPRTFLL,1,0.89285
1498,YLQPRTFLL,0,0.86322
1531,YLQPRTFLL,0,0.85325
1544,YLQPRTFLL,0,0.8584
1548,YLQPRTFLL,0,0.84135
1554,YLQPRTFLL,0,0.88719
1564,YLQPRTFLL,0,0.88769
1580,YLQPRTFLL,1,0.95207
1641,YLQPRTFLL,0,0.87547
1664,YLQPRTFLL,0,0.88657
1668,YLQPRTFLL,0,0.83427
1685,YLQPRTFLL,0,0.84728
1692,YLQPRTFLL,0,0.94355
1731,YLQPRTFLL,0,0.90356
1735,YLQPRTFLL,1,0.93925
1743,YLQPRTFLL,0,0.88186
1744,YLQPRTFLL,0,0.88588
1760,YLQPRTFLL,0,0.88278
1765,YLQPRTFLL,0,0.84658
1770,YLQPRTFLL,0,0.87827
1786,YLQPRTFLL,0,0.87655
1798,YLQPRTFLL,1,0.92201
1805,YLQPRTFLL,0,0.88936
1808,YLQPRTFLL,0,0.88218
1814,YLQPRTFLL,0,0.87851
1834,YLQPRTFLL,1,0.9754
1842,YLQPRTFLL,0,0.88384
1847,YLQPRTFLL,0,0.86315
1852,YLQPRTFLL,1,0.8782
1904,YLQPRTFLL,1,0.85505
1908,YLQPRTFLL,0,0.8788
1910,YLQPRTFLL,0,0.87964
1916,YLQPRTFLL,0,0.88591
1928,YLQPRTFLL,0,0.84643
1933,YLQPRTFLL,0,0.87016
1934,YLQPRTFLL,0,0.85185
1949,YLQPRTFLL,0,0.87393
1982,YLQPRTFLL,0,0.8851
2020,YLQPRTFLL,0,0.86524
2021,YLQPRTFLL,1,0.85715
2046,YLQPRTFLL,0,0.87059
2050,YLQPRTFLL,1,0.9625
2053,YLQPRTFLL,0,0.85485
2066,YLQPRTFLL,0,0.89836
2074,YLQPRTFLL,0,0.87941
2095,YLQPRTFLL,0,0.86893
2117,YLQPRTFLL,0,0.89617
2118,YLQPRTFLL,0,0.87307
2119,YLQPRTFLL,0,0.87228
2121,YLQPRTFLL,0,0.89339
2127,YLQPRTFLL,0,0.96227
2130,YLQPRTFLL,0,0.83646
2141,YLQPRTFLL,0,0.93159
2143,YLQPRTFLL,0,0.86405
2187,YLQPRTFLL,0,0.88904
2193,YLQPRTFLL,0,0.8836
2195,YLQPRTFLL,0,0.92134
2201,YLQPRTFLL,0,0.86251
2207,YLQPRTFLL,0,0.88644
2211,YLQPRTFLL,0,0.87514
2250,YLQPRTFLL,0,0.87922
2263,YLQPRTFLL,0,0.89153
2268,YLQPRTFLL,0,0.84629
2280,YLQPRTFLL,0,0.91761
2292,YLQPRTFLL,1,0.93886
2294,YLQPRTFLL,0,0.8676
2299,YLQPRTFLL,1,0.86146
2300,YLQPRTFLL,0,0.88805
2303,YLQPRTFLL,0,0.84941
2307,YLQPRTFLL,0,0.84824
2316,YLQPRTFLL,0,0.86423
2317,YLQPRTFLL,0,0.89026
2322,YLQPRTFLL,0,0.90029
2330,YLQPRTFLL,1,0.85998
2331,YLQPRTFLL,1,0.95053
2334,YLQPRTFLL,1,0.89273
2339,YLQPRTFLL,1,0.85447
2343,YLQPRTFLL,0,0.89174
2346,YLQPRTFLL,0,0.87359
2359,YLQPRTFLL,0,0.86803
2383,YLQPRTFLL,0,0.86034
2393,YLQPRTFLL,0,0.87887
2405,YLQPRTFLL,1,0.95257
2409,YLQPRTFLL,0,0.85806
2415,YLQPRTFLL,0,0.86422
2438,YLQPRTFLL,0,0.8692
2442,YLQPRTFLL,0,0.8815
2443,YLQPRTFLL,0,0.89625
2447,YLQPRTFLL,1,0.85516
2464,YLQPRTFLL,0,0.86955
2465,YLQPRTFLL,0,0.87196
2468,YLQPRTFLL,0,0.88677
2486,YLQPRTFLL,0,0.84481
2498,YLQPRTFLL,0,0.8595
2504,YLQPRTFLL,0,0.91874
2514,YLQPRTFLL,0,0.86044
2524,YLQPRTFLL,1,0.83208
2525,YLQPRTFLL,0,0.88198
2531,YLQPRTFLL,0,0.85419
2547,YLQPRTFLL,0,0.86361
2578,YLQPRTFLL,0,0.87119
2598,YLQPRTFLL,0,0.86555
2604,YLQPRTFLL,0,0.85969
2607,YLQPRTFLL,0,0.89185
2622,YLQPRTFLL,1,0.95804
2627,YLQPRTFLL,0,0.88336
2638,YLQPRTFLL,0,0.84645
2640,YLQPRTFLL,0,0.88642
2642,YLQPRTFLL,0,0.87761
2645,YLQPRTFLL,1,0.96217
2648,YLQPRTFLL,0,0.88747
2653,YLQPRTFLL,0,0.86165
2667,YLQPRTFLL,0,0.90708
2668,YLQPRTFLL,1,0.94734
2677,YLQPRTFLL,0,0.87938
2703,YLQPRTFLL,0,0.87521
2708,YLQPRTFLL,1,0.86833
2715,YLQPRTFLL,0,0.87706
2720,YLQPRTFLL,0,0.87364
2721,YLQPRTFLL,0,0.90742
2738,YLQPRTFLL,0,0.87381
2740,YLQPRTFLL,0,0.87042
2745,YLQPRTFLL,0,0.86277
2748,YLQPRTFLL,0,0.88584
2763,YLQPRTFLL,0,0.87698
2764,YLQPRTFLL,0,0.90651
2769,YLQPRTFLL,0,0.88598
2770,YLQPRTFLL,1,0.93814
2787,YLQPRTFLL,0,0.88686
2796,YLQPRTFLL,0,0.88568
2799,YLQPRTFLL,1,0.88519
2802,YLQPRTFLL,0,0.85709
2806,YLQPRTFLL,0,0.87768
2811,YLQPRTFLL,0,0.8606
2817,YLQPRTFLL,0,0.86976
2819,YLQPRTFLL,0,0.86634
2827,YLQPRTFLL,0,0.85279
2831,YLQPRTFLL,0,0.87031
2864,YLQPRTFLL,0,0.88004
2867,YLQPRTFLL,1,0.86586
2889,YLQPRTFLL,0,0.87258
2906,YLQPRTFLL,0,0.8837
2909,YLQPRTFLL,0,0.87335
2919,YLQPRTFLL,0,0.86732
2929,YLQPRTFLL,0,0.88714
2939,YLQPRTFLL,0,0.89855
2945,YLQPRTFLL,0,0.85743
2947,YLQPRTFLL,0,0.86901
2955,YLQPRTFLL,0,0.89021
2958,YLQPRTFLL,0,0.8553
2963,YLQPRTFLL,0,0.89533
2970,YLQPRTFLL,0,0.88248
2977,YLQPRTFLL,0,0.87625
2978,YLQPRTFLL,0,0.89332
2990,YLQPRTFLL,0,0.85008
2998,YLQPRTFLL,0,0.85721
2999,YLQPRTFLL,0,0.87545
3000,YLQPRTFLL,0,0.94902
3023,YLQPRTFLL,1,0.95514
3028,YLQPRTFLL,0,0.88101
3030,YLQPRTFLL,1,0.98537
3035,YLQPRTFLL,1,0.97325
3037,YLQPRTFLL,0,0.86479
3054,YLQPRTFLL,1,0.97055
3056,YLQPRTFLL,0,0.86752
3062,YLQPRTFLL,0,0.8649
3063,YLQPRTFLL,1,0.87469
3070,YLQPRTFLL,0,0.88216
3076,YLQPRTFLL,0,0.88503
3080,YLQPRTFLL,0,0.86084
3083,YLQPRTFLL,0,0.91583
3084,YLQPRTFLL,1,0.93394
3089,YLQPRTFLL,0,0.85911
3106,YLQPRTFLL,0,0.87572
3107,YLQPRTFLL,0,0.89449
3115,YLQPRTFLL,0,0.89163
3126,YLQPRTFLL,0,0.87376
3142,YLQPRTFLL,0,0.86914
3145,YLQPRTFLL,0,0.88137
3165,YLQPRTFLL,0,0.85386
3180,YLQPRTFLL,0,0.87316
3186,YLQPRTFLL,0,0.85812
3201,YLQPRTFLL,0,0.85004
3202,YLQPRTFLL,0,0.8685
3205,YLQPRTFLL,0,0.88664
3217,YLQPRTFLL,0,0.8791
3229,YLQPRTFLL,0,0.86128
3262,YLQPRTFLL,0,0.88072
3272,YLQPRTFLL,1,0.92196
3273,YLQPRTFLL,0,0.87109
3276,YLQPRTFLL,0,0.87099
3305,YLQPRTFLL,0,0.89008
3333,YLQPRTFLL,1,0.86091
3335,YLQPRTFLL,0,0.8712
3343,YLQPRTFLL,0,0.9283
3344,YLQPRTFLL,0,0.87632
3349,YLQPRTFLL,0,0.8913
3355,YLQPRTFLL,0,0.87125
3361,YLQPRTFLL,0,0.85388
3369,YLQPRTFLL,0,0.83972
3389,YLQPRTFLL,1,0.86771
3394,YLQPRTFLL,0,0.88487
3408,YLQPRTFLL,1,0.91963
3432,YLQPRTFLL,1,0.88274
3436,YLQPRTFLL,0,0.86993
3446,YLQPRTFLL,0,0.88858
3453,YLQPRTFLL,0,0.85288
3455,YLQPRTFLL,0,0.94273
3456,YLQPRTFLL,1,0.89906
3460,YLQPRTFLL,0,0.85921
3471,YLQPRTFLL,1,0.9507
3484,YLQPRTFLL,0,0.86578
3496,YLQPRTFLL,1,0.93186
3502,YLQPRTFLL,0,0.89914
3526,YLQPRTFLL,1,0.91924
3534,YLQPRTFLL,1,0.90758
3546,YLQPRTFLL,0,0.88004
3579,YLQPRTFLL,0,0.87389
3580,YLQPRTFLL,0,0.87576
3593,YLQPRTFLL,0,0.90235
3601,YLQPRTFLL,0,0.85296
3610,YLQPRTFLL,0,0.84568
3621,YLQPRTFLL,1,0.98889
3633,YLQPRTFLL,0,0.86145
3634,YLQPRTFLL,0,0.89699
3635,YLQPRTFLL,0,0.86284
3640,YLQPRTFLL,0,0.89449
3674,YLQPRTFLL,0,0.86971
11,TTDPSFLGRY,0,0.88589
12,TTDPSFLGRY,0,0.87372
19,TTDPSFLGRY,1,0.90064
24,TTDPSFLGRY,0,0.87159
34,TTDPSFLGRY,0,0.86109
83,TTDPSFLGRY,0,0.92508
93,TTDPSFLGRY,0,0.87763
104,TTDPSFLGRY,1,0.89672
121,TTDPSFLGRY,0,0.89591
153,TTDPSFLGRY,0,0.89987
169,TTDPSFLGRY,0,0.85738
196,TTDPSFLGRY,0,0.86052
219,TTDPSFLGRY,0,0.89281
221,TTDPSFLGRY,0,0.88107
222,TTDPSFLGRY,0,0.90014
224,TTDPSFLGRY,0,0.86089
234,TTDPSFLGRY,0,0.85114
245,TTDPSFLGRY,0,0.88839
259,TTDPSFLGRY,0,0.88357
289,TTDPSFLGRY,0,0.90314
290,TTDPSFLGRY,0,0.86026
293,TTDPSFLGRY,0,0.90951
301,TTDPSFLGRY,0,0.88693
302,TTDPSFLGRY,0,0.87664
309,TTDPSFLGRY,0,0.88748
329,TTDPSFLGRY,0,0.85587
334,TTDPSFLGRY,0,0.87051
339,TTDPSFLGRY,1,0.88141
368,TTDPSFLGRY,0,0.89342
429,TTDPSFLGRY,0,0.89466
452,TTDPSFLGRY,0,0.86007
477,TTDPSFLGRY,1,0.96343
490,TTDPSFLGRY,0,0.89569
491,TTDPSFLGRY,0,0.86685
492,TTDPSFLGRY,0,0.8791
500,TTDPSFLGRY,0,0.88195
502,TTDPSFLGRY,0,0.8658
516,TTDPSFLGRY,0,0.8611
522,TTDPSFLGRY,0,0.88009
527,TTDPSFLGRY,0,0.83514
533,TTDPSFLGRY,0,0.85559
539,TTDPSFLGRY,0,0.88543
568,TTDPSFLGRY,0,0.90788
590,TTDPSFLGRY,0,0.87051
596,TTDPSFLGRY,0,0.8977
605,TTDPSFLGRY,1,0.96608
619,TTDPSFLGRY,0,0.86721
627,TTDPSFLGRY,0,0.85933
633,TTDPSFLGRY,0,0.85854
639,TTDPSFLGRY,1,0.88703
652,TTDPSFLGRY,0,0.88529
660,TTDPSFLGRY,1,0.93061
661,TTDPSFLGRY,0,0.88608
667,TTDPSFLGRY,0,0.88762
673,TTDPSFLGRY,0,0.8926
674,TTDPSFLGRY,0,0.88777
698,TTDPSFLGRY,0,0.86848
700,TTDPSFLGRY,0,0.83965
744,TTDPSFLGRY,0,0.8508
745,TTDPSFLGRY,0,0.9037
767,TTDPSFLGRY,0,0.86685
780,TTDPSFLGRY,0,0.86872
790,TTDPSFLGRY,0,0.86942
806,TTDPSFLGRY,0,0.87733
813,TTDPSFLGRY,0,0.88735
842,TTDPSFLGRY,0,0.86593
849,TTDPSFLGRY,0,0.87359
855,TTDPSFLGRY,1,0.90638
875,TTDPSFLGRY,0,0.86041
882,TTDPSFLGRY,0,0.84749
893,TTDPSFLGRY,0,0.89127
894,TTDPSFLGRY,0,0.8782
900,TTDPSFLGRY,0,0.89411
903,TTDPSFLGRY,0,0.88317
917,TTDPSFLGRY,0,0.87667
930,TTDPSFLGRY,0,0.86759
939,TTDPSFLGRY,0,0.8622
949,TTDPSFLGRY,0,0.85753
964,TTDPSFLGRY,0,0.85098
966,TTDPSFLGRY,0,0.86964
967,TTDPSFLGRY,0,0.87519
987,TTDPSFLGRY,1,0.87895
1003,TTDPSFLGRY,0,0.85522
1037,TTDPSFLGRY,1,0.86042
1048,TTDPSFLGRY,0,0.8855
1061,TTDPSFLGRY,0,0.89913
1075,TTDPSFLGRY,0,0.88042
1104,TTDPSFLGRY,1,0.85964
1166,TTDPSFLGRY,0,0.87343
1180,TTDPSFLGRY,1,0.93904
1199,TTDPSFLGRY,1,0.88787
1211,TTDPSFLGRY,0,0.89171
1213,TTDPSFLGRY,1,0.88597
1215,TTDPSFLGRY,0,0.86552
1223,TTDPSFLGRY,0,0.86445
1226,TTDPSFLGRY,0,0.87224
1281,TTDPSFLGRY,0,0.85726
1284,TTDPSFLGRY,0,0.87023
1291,TTDPSFLGRY,0,0.88528
1297,TTDPSFLGRY,0,0.86919
1299,TTDPSFLGRY,0,0.89363
1303,TTDPSFLGRY,0,0.87894
1311,TTDPSFLGRY,0,0.89032
1315,TTDPSFLGRY,1,0.90416
1362,TTDPSFLGRY,0,0.8752
1380,TTDPSFLGRY,0,0.89374
1382,TTDPSFLGRY,1,0.91402
1383,TTDPSFLGRY,0,0.87774
1393,TTDPSFLGRY,0,0.86385
1405,TTDPSFLGRY,0,0.89347
1406,TTDPSFLGRY,0,0.86069
1408,TTDPSFLGRY,1,0.88408
1429,TTDPSFLGRY,0,0.87513
1442,TTDPSFLGRY,0,0.87223
1449,TTDPSFLGRY,0,0.89662
1476,TTDPSFLGRY,0,0.85854
1489,TTDPSFLGRY,0,0.89721
1499,TTDPSFLGRY,1,0.93485
1501,TTDPSFLGRY,0,0.83473
1506,TTDPSFLGRY,0,0.8894
1511,TTDPSFLGRY,1,0.85342
1514,TTDPSFLGRY,0,0.86284
1518,TTDPSFLGRY,0,0.85801
1521,TTDPSFLGRY,0,0.88675
1553,TTDPSFLGRY,0,0.89945
1555,TTDPSFLGRY,1,0.87496
1559,TTDPSFLGRY,0,0.86746
1574,TTDPSFLGRY,0,0.84966
1593,TTDPSFLGRY,0,0.85637
1596,TTDPSFLGRY,0,0.89765
1599,TTDPSFLGRY,0,0.88657
1604,TTDPSFLGRY,0,0.85543
1609,TTDPSFLGRY,0,0.88517
1645,TTDPSFLGRY,0,0.85862
1649,TTDPSFLGRY,0,0.89234
1653,TTDPSFLGRY,0,0.90116
1659,TTDPSFLGRY,0,0.87742
1671,TTDPSFLGRY,0,0.87203
1717,TTDPSFLGRY,0,0.85427
1720,TTDPSFLGRY,0,0.89395
1722,TTDPSFLGRY,0,0.87385
1723,TTDPSFLGRY,0,0.88312
1726,TTDPSFLGRY,0,0.87407
1764,TTDPSFLGRY,0,0.89336
1775,TTDPSFLGRY,1,0.89958
1781,TTDPSFLGRY,0,0.88271
1783,TTDPSFLGRY,0,0.85209
1784,TTDPSFLGRY,0,0.86082
1785,TTDPSFLGRY,0,0.89565
1788,TTDPSFLGRY,0,0.83704
1790,TTDPSFLGRY,0,0.86553
1807,TTDPSFLGRY,1,0.90781
1810,TTDPSFLGRY,0,0.89625
1818,TTDPSFLGRY,0,0.84289
1827,TTDPSFLGRY,0,0.83921
1855,TTDPSFLGRY,1,0.90267
1859,TTDPSFLGRY,0,0.85549
1861,TTDPSFLGRY,1,0.85067
1866,TTDPSFLGRY,0,0.87577
1883,TTDPSFLGRY,0,0.85556
1890,TTDPSFLGRY,0,0.86444
1900,TTDPSFLGRY,0,0.89932
1906,TTDPSFLGRY,0,0.8627
1919,TTDPSFLGRY,0,0.86706
1953,TTDPSFLGRY,0,0.85655
1960,TTDPSFLGRY,0,0.88245
1964,TTDPSFLGRY,0,0.89093
1965,TTDPSFLGRY,0,0.85899
1966,TTDPSFLGRY,0,0.87765
1978,TTDPSFLGRY,0,0.86365
1979,TTDPSFLGRY,1,0.89106
1981,TTDPSFLGRY,0,0.88262
1993,TTDPSFLGRY,0,0.86912
2000,TTDPSFLGRY,0,0.85989
2009,TTDPSFLGRY,0,0.88007
2016,TTDPSFLGRY,0,0.87527
2059,TTDPSFLGRY,0,0.8697
2061,TTDPSFLGRY,0,0.87431
2069,TTDPSFLGRY,0,0.87309
2086,TTDPSFLGRY,0,0.87421
2108,TTDPSFLGRY,1,0.85773
2138,TTDPSFLGRY,0,0.8741
2148,TTDPSFLGRY,1,0.89486
2152,TTDPSFLGRY,0,0.92153
2154,TTDPSFLGRY,1,0.9011
2165,TTDPSFLGRY,0,0.88235
2171,TTDPSFLGRY,0,0.86748
2181,TTDPSFLGRY,0,0.86731
2198,TTDPSFLGRY,0,0.87552
2206,TTDPSFLGRY,0,0.87515
2209,TTDPSFLGRY,0,0.84433
2214,TTDPSFLGRY,0,0.87451
2235,TTDPSFLGRY,1,0.90679
2241,TTDPSFLGRY,0,0.85538
2264,TTDPSFLGRY,0,0.87169
2270,TTDPSFLGRY,1,0.89327
2308,TTDPSFLGRY,0,0.8698
2319,TTDPSFLGRY,0,0.91282
2326,TTDPSFLGRY,1,0.98436
2338,TTDPSFLGRY,0,0.86431
2340,TTDPSFLGRY,0,0.86325
2350,TTDPSFLGRY,1,0.89754
2368,TTDPSFLGRY,0,0.87447
2373,TTDPSFLGRY,0,0.87077
2395,TTDPSFLGRY,0,0.87207
2396,TTDPSFLGRY,1,0.90325
2398,TTDPSFLGRY,0,0.86099
2404,TTDPSFLGRY,0,0.86458
2418,TTDPSFLGRY,0,0.86712
2439,TTDPSFLGRY,0,0.8908
2451,TTDPSFLGRY,0,0.85604
2481,TTDPSFLGRY,0,0.90331
2491,TTDPSFLGRY,0,0.87077
2494,TTDPSFLGRY,1,0.88018
2503,TTDPSFLGRY,0,0.85941
2509,TTDPSFLGRY,0,0.89359
2515,TTDPSFLGRY,1,0.88603
2518,TTDPSFLGRY,0,0.87592
2522,TTDPSFLGRY,0,0.89303
2534,TTDPSFLGRY,1,0.89044
2537,TTDPSFLGRY,0,0.89111
2540,TTDPSFLGRY,0,0.86528
2556,TTDPSFLGRY,0,0.86351
2559,TTDPSFLGRY,0,0.87086
2566,TTDPSFLGRY,1,0.90054
2611,TTDPSFLGRY,0,0.89909
2621,TTDPSFLGRY,0,0.86685
2623,TTDPSFLGRY,0,0.87383
2625,TTDPSFLGRY,1,0.95216
2639,TTDPSFLGRY,0,0.87885
2643,TTDPSFLGRY,1,0.86734
2656,TTDPSFLGRY,0,0.84884
2713,TTDPSFLGRY,0,0.84965
2735,TTDPSFLGRY,1,0.88372
2742,TTDPSFLGRY,0,0.88189
2775,TTDPSFLGRY,0,0.87755
2786,TTDPSFLGRY,0,0.8765
2856,TTDPSFLGRY,0,0.86797
2881,TTDPSFLGRY,0,0.85651
2886,TTDPSFLGRY,0,0.87864
2923,TTDPSFLGRY,0,0.8652
2924,TTDPSFLGRY,0,0.87531
2932,TTDPSFLGRY,0,0.87686
2953,TTDPSFLGRY,1,0.93917
2971,TTDPSFLGRY,0,0.87532
2986,TTDPSFLGRY,0,0.87501
2997,TTDPSFLGRY,0,0.87222
3032,TTDPSFLGRY,0,0.87354
3034,TTDPSFLGRY,0,0.88263
3081,TTDPSFLGRY,0,0.87161
3092,TTDPSFLGRY,0,0.87719
3100,TTDPSFLGRY,0,0.87618
3109,TTDPSFLGRY,1,0.86357
3122,TTDPSFLGRY,0,0.86292
3125,TTDPSFLGRY,0,0.88345
3137,TTDPSFLGRY,0,0.8875
3147,TTDPSFLGRY,0,0.86558
3149,TTDPSFLGRY,0,0.86785
3153,TTDPSFLGRY,0,0.85573
3172,TTDPSFLGRY,0,0.89526
3181,TTDPSFLGRY,0,0.8784
3188,TTDPSFLGRY,0,0.88834
3192,TTDPSFLGRY,0,0.87659
3198,TTDPSFLGRY,0,0.86591
3222,TTDPSFLGRY,0,0.85539
3247,TTDPSFLGRY,0,0.89714
3259,TTDPSFLGRY,1,0.96616
3271,TTDPSFLGRY,1,0.84892
3332,TTDPSFLGRY,0,0.89218
3337,TTDPSFLGRY,0,0.87977
3346,TTDPSFLGRY,0,0.84624
3353,TTDPSFLGRY,1,0.94481
3373,TTDPSFLGRY,0,0.87371
3375,TTDPSFLGRY,0,0.90682
3391,TTDPSFLGRY,0,0.87263
3404,TTDPSFLGRY,0,0.86588
3420,TTDPSFLGRY,0,0.88671
3423,TTDPSFLGRY,0,0.87779
3450,TTDPSFLGRY,1,0.84518
3454,TTDPSFLGRY,0,0.87059
3462,TTDPSFLGRY,0,0.89643
3470,TTDPSFLGRY,0,0.88867
3516,TTDPSFLGRY,0,0.85906
3533,TTDPSFLGRY,0,0.84317
3583,TTDPSFLGRY,0,0.86787
3594,TTDPSFLGRY,0,0.87084
3618,TTDPSFLGRY,0,0.88548
3619,TTDPSFLGRY,1,0.86772
3626,TTDPSFLGRY,1,0.94239
3648,TTDPSFLGRY,1,0.85732
3669,TTDPSFLGRY,0,0.86588
25,LLWNGPMAV,0,0.86425
26,LLWNGPMAV,0,0.88844
37,LLWNGPMAV,1,0.91365
39,LLWNGPMAV,0,0.90064
46,LLWNGPMAV,0,0.87821
49,LLWNGPMAV,0,0.87018
78,LLWNGPMAV,0,0.88775
82,LLWNGPMAV,0,0.83721
84,LLWNGPMAV,0,0.85403
89,LLWNGPMAV,1,0.938
130,LLWNGPMAV,0,0.86136
150,LLWNGPMAV,0,0.89424
171,LLWNGPMAV,1,0.9217
172,LLWNGPMAV,0,0.88071
177,LLWNGPMAV,0,0.87318
225,LLWNGPMAV,0,0.84348
235,LLWNGPMAV,0,0.86397
236,LLWNGPMAV,0,0.86564
248,LLWNGPMAV,0,0.87944
256,LLWNGPMAV,0,0.86335
262,LLWNGPMAV,0,0.84583
266,LLWNGPMAV,0,0.84979
275,LLWNGPMAV,0,0.83578
281,LLWNGPMAV,1,0.84169
292,LLWNGPMAV,0,0.86576
322,LLWNGPMAV,0,0.87682
327,LLWNGPMAV,0,0.87959
350,LLWNGPMAV,0,0.8927
377,LLWNGPMAV,1,0.88332
380,LLWNGPMAV,0,0.87702
384,LLWNGPMAV,0,0.86775
392,LLWNGPMAV,0,0.85034
405,LLWNGPMAV,0,0.8632
456,LLWNGPMAV,0,0.86795
463,LLWNGPMAV,0,0.86238
488,LLWNGPMAV,0,0.88711
504,LLWNGPMAV,0,0.82752
510,LLWNGPMAV,1,0.944
515,LLWNGPMAV,1,0.87851
547,LLWNGPMAV,0,0.8703
563,LLWNGPMAV,0,0.84803
593,LLWNGPMAV,0,0.87852
609,LLWNGPMAV,1,0.91287
611,LLWNGPMAV,0,0.89441
622,LLWNGPMAV,0,0.85833
634,LLWNGPMAV,0,0.86423
654,LLWNGPMAV,0,0.83925
656,LLWNGPMAV,0,0.87011
684,LLWNGPMAV,0,0.86339
688,LLWNGPMAV,0,0.84396
709,LLWNGPMAV,0,0.86024
713,LLWNGPMAV,0,0.90283
728,LLWNGPMAV,0,0.86193
737,LLWNGPMAV,0,0.86959
739,LLWNGPMAV,1,0.93377
746,LLWNGPMAV,1,0.88237
747,LLWNGPMAV,0,0.89874
750,LLWNGPMAV,0,0.85975
768,LLWNGPMAV,0,0.86851
769,LLWNGPMAV,0,0.90296
772,LLWNGPMAV,0,0.8631
784,LLWNGPMAV,0,0.86437
786,LLWNGPMAV,1,0.90842
791,LLWNGPMAV,0,0.85663
805,LLWNGPMAV,0,0.86555
815,LLWNGPMAV,0,0.87632
848,LLWNGPMAV,1,0.91044
850,LLWNGPMAV,0,0.83783
870,LLWNGPMAV,1,0.93732
876,LLWNGPMAV,1,0.94546
928,LLWNGPMAV,1,0.93343
986,LLWNGPMAV,0,0.87185
988,LLWNGPMAV,0,0.83804
989,LLWNGPMAV,0,0.86382
1010,LLWNGPMAV,0,0.86373
1014,LLWNGPMAV,0,0.85767
1025,LLWNGPMAV,0,0.8759
1040,LLWNGPMAV,0,0.83253
1047,LLWNGPMAV,0,0.85256
1055,LLWNGPMAV,0,0.88492
1081,LLWNGPMAV,1,0.93733
1109,LLWNGPMAV,0,0.89717
1139,LLWNGPMAV,0,0.87152
1142,LLWNGPMAV,0,0.86411
1152,LLWNGPMAV,0,0.89149
1167,LLWNGPMAV,0,0.87446
1174,LLWNGPMAV,0,0.84052
1187,LLWNGPMAV,0,0.84519
1189,LLWNGPMAV,1,0.88878
1193,LLWNGPMAV,0,0.86416
1234,LLWNGPMAV,0,0.87081
1239,LLWNGPMAV,0,0.86467
1255,LLWNGPMAV,0,0.85408
1267,LLWNGPMAV,0,0.87092
1268,LLWNGPMAV,0,0.85467
1269,LLWNGPMAV,1,0.94268
1278,LLWNGPMAV,0,0.87257
1298,LLWNGPMAV,0,0.84459
1300,LLWNGPMAV,0,0.8763
1301,LLWNGPMAV,0,0.85251
1302,LLWNGPMAV,0,0.85267
1306,LLWNGPMAV,1,0.94048
1317,LLWNGPMAV,0,0.87616
1326,LLWNGPMAV,0,0.83277
1347,LLWNGPMAV,0,0.85221
1349,LLWNGPMAV,0,0.84
1375,LLWNGPMAV,0,0.87222
1387,LLWNGPMAV,1,0.89941
1422,LLWNGPMAV,0,0.85329
1430,LLWNGPMAV,1,0.93139
1434,LLWNGPMAV,0,0.86218
1437,LLWNGPMAV,0,0.8837
1438,LLWNGPMAV,0,0.86643
1448,LLWNGPMAV,0,0.89374
1465,LLWNGPMAV,1,0.92502
1478,LLWNGPMAV,0,0.85361
1480,LLWNGPMAV,0,0.86176
1493,LLWNGPMAV,0,0.87654
1510,LLWNGPMAV,0,0.84296
1536,LLWNGPMAV,0,0.86152
1541,LLWNGPMAV,1,0.95386
1543,LLWNGPMAV,0,0.86028
1549,LLWNGPMAV,0,0.86555
1552,LLWNGPMAV,0,0.8834
1591,LLWNGPMAV,0,0.87747
1605,LLWNGPMAV,0,0.86611
1614,LLWNGPMAV,0,0.86853
1642,LLWNGPMAV,1,0.94902
1644,LLWNGPMAV,0,0.84517
1681,LLWNGPMAV,0,0.86409
1689,LLWNGPMAV,0,0.87713
1715,LLWNGPMAV,0,0.87203
1730,LLWNGPMAV,1,0.92704
1738,LLWNGPMAV,0,0.87803
1741,LLWNGPMAV,0,0.88517
1745,LLWNGPMAV,0,0.86255
1754,LLWNGPMAV,0,0.87115
1757,LLWNGPMAV,0,0.84468
1766,LLWNGPMAV,0,0.85441
1778,LLWNGPMAV,0,0.86958
1815,LLWNGPMAV,0,0.87188
1816,LLWNGPMAV,0,0.85314
1821,LLWNGPMAV,0,0.83241
1824,LLWNGPMAV,1,0.90406
1825,LLWNGPMAV,0,0.8693
1850,LLWNGPMAV,0,0.8612
1884,LLWNGPMAV,0,0.88593
1903,LLWNGPMAV,0,0.85803
1932,LLWNGPMAV,0,0.8791
1941,LLWNGPMAV,0,0.90029
1961,LLWNGPMAV,0,0.8997
1976,LLWNGPMAV,0,0.87453
1980,LLWNGPMAV,0,0.86464
1983,LLWNGPMAV,0,0.87028
1984,LLWNGPMAV,0,0.87156
2003,LLWNGPMAV,0,0.84635
2027,LLWNGPMAV,0,0.8691
2028,LLWNGPMAV,0,0.86589
2065,LLWNGPMAV,0,0.86912
2075,LLWNGPMAV,0,0.88955
2081,LLWNGPMAV,1,0.92344
2082,LLWNGPMAV,0,0.86339
2101,LLWNGPMAV,1,0.98062
2102,LLWNGPMAV,0,0.85106
2105,LLWNGPMAV,0,0.85613
2132,LLWNGPMAV,0,0.87509
2147,LLWNGPMAV,0,0.8682
2159,LLWNGPMAV,0,0.85287
2170,LLWNGPMAV,0,0.90295
2186,LLWNGPMAV,0,0.85542
2190,LLWNGPMAV,0,0.88101
2218,LLWNGPMAV,1,0.88116
2237,LLWNGPMAV,0,0.84858
2256,LLWNGPMAV,0,0.88341
2271,LLWNGPMAV,0,0.89761
2275,LLWNGPMAV,0,0.89259
2279,LLWNGPMAV,0,0.8861
2288,LLWNGPMAV,0,0.88803
2293,LLWNGPMAV,0,0.89597
2297,LLWNGPMAV,1,0.91644
2301,LLWNGPMAV,0,0.83562
2302,LLWNGPMAV,0,0.88368
2312,LLWNGPMAV,0,0.87382
2315,LLWNGPMAV,0,0.87095
2324,LLWNGPMAV,0,0.87931
2353,LLWNGPMAV,1,0.87311
2356,LLWNGPMAV,0,0.88011
2377,LLWNGPMAV,0,0.88531
2386,LLWNGPMAV,1,0.90291
2420,LLWNGPMAV,0,0.86931
2422,LLWNGPMAV,0,0.83769
2430,LLWNGPMAV,1,0.92718
2459,LLWNGPMAV,0,0.87488
2462,LLWNGPMAV,0,0.87586
2477,LLWNGPMAV,0,0.877
2479,LLWNGPMAV,0,0.86429
2501,LLWNGPMAV,0,0.89536
2512,LLWNGPMAV,0,0.86323
2526,LLWNGPMAV,0,0.84533
2536,LLWNGPMAV,0,0.84831
2549,LLWNGPMAV,0,0.88766
2553,LLWNGPMAV,0,0.87762
2554,LLWNGPMAV,0,0.87725
2555,LLWNGPMAV,0,0.86773
2561,LLWNGPMAV,1,0.95322
2569,LLWNGPMAV,0,0.88017
2586,LLWNGPMAV,0,0.86733
2657,LLWNGPMAV,0,0.87754
2684,LLWNGPMAV,0,0.89518
2686,LLWNGPMAV,0,0.86504
2689,LLWNGPMAV,0,0.84886
2694,LLWNGPMAV,1,0.92951
2716,LLWNGPMAV,0,0.843
2722,LLWNGPMAV,1,0.93986
2752,LLWNGPMAV,0,0.86391
2782,LLWNGPMAV,1,0.89611
2783,LLWNGPMAV,0,0.87432
2795,LLWNGPMAV,0,0.88303
2833,LLWNGPMAV,0,0.89075
2847,LLWNGPMAV,0,0.87729
2848,LLWNGPMAV,0,0.8804
2858,LLWNGPMAV,0,0.85144
2884,LLWNGPMAV,0,0.89463
2891,LLWNGPMAV,0,0.8548
2897,LLWNGPMAV,0,0.86978
2944,LLWNGPMAV,0,0.91172
2946,LLWNGPMAV,0,0.85043
2950,LLWNGPMAV,0,0.91123
2960,LLWNGPMAV,1,0.86562
2981,LLWNGPMAV,0,0.87548
2985,LLWNGPMAV,0,0.86554
3010,LLWNGPMAV,0,0.87163
3011,LLWNGPMAV,0,0.84191
3015,LLWNGPMAV,0,0.87664
3031,LLWNGPMAV,0,0.86537
3042,LLWNGPMAV,1,0.90728
3059,LLWNGPMAV,0,0.8951
3077,LLWNGPMAV,1,0.92665
3088,LLWNGPMAV,0,0.86516
3095,LLWNGPMAV,0,0.88722
3097,LLWNGPMAV,1,0.84822
3119,LLWNGPMAV,0,0.84833
3121,LLWNGPMAV,0,0.85073
3146,LLWNGPMAV,0,0.84781
3154,LLWNGPMAV,0,0.86421
3161,LLWNGPMAV,0,0.86746
3169,LLWNGPMAV,0,0.8464
3182,LLWNGPMAV,1,0.89934
3185,LLWNGPMAV,1,0.88262
3206,LLWNGPMAV,0,0.87356
3231,LLWNGPMAV,0,0.89219
3232,LLWNGPMAV,0,0.87178
3235,LLWNGPMAV,0,0.85346
3282,LLWNGPMAV,0,0.87232
3330,LLWNGPMAV,0,0.81898
3365,LLWNGPMAV,0,0.8605
3380,LLWNGPMAV,0,0.89274
3397,LLWNGPMAV,0,0.86378
3398,LLWNGPMAV,1,0.91965
3400,LLWNGPMAV,0,0.85192
3416,LLWNGPMAV,0,0.88303
3437,LLWNGPMAV,0,0.87182
3466,LLWNGPMAV,0,0.87341
3469,LLWNGPMAV,0,0.87376
3473,LLWNGPMAV,0,0.84427
3486,LLWNGPMAV,0,0.87948
3491,LLWNGPMAV,0,0.87224
3506,LLWNGPMAV,0,0.89323
3518,LLWNGPMAV,1,0.87338
3527,LLWNGPMAV,0,0.86867
3532,LLWNGPMAV,0,0.87054
3539,LLWNGPMAV,1,0.93462
3556,LLWNGPMAV,0,0.86269
3582,LLWNGPMAV,0,0.8614
3600,LLWNGPMAV,0,0.85562
3611,LLWNGPMAV,0,0.84927
3615,LLWNGPMAV,0,0.86601
3624,LLWNGPMAV,0,0.85656
3625,LLWNGPMAV,0,0.85159
3637,LLWNGPMAV,0,0.8556
3652,LLWNGPMAV,0,0.89743
3668,LLWNGPMAV,1,0.93929
3,CINGVCWTV,0,0.84664
28,CINGVCWTV,0,0.8777
33,CINGVCWTV,1,0.92906
50,CINGVCWTV,0,0.85081
57,CINGVCWTV,0,0.83686
62,CINGVCWTV,0,0.89196
76,CINGVCWTV,0,0.86588
86,CINGVCWTV,0,0.86726
102,CINGVCWTV,0,0.84619
110,CINGVCWTV,0,0.86226
125,CINGVCWTV,0,0.87302
135,CINGVCWTV,0,0.90245
142,CINGVCWTV,1,0.89297
152,CINGVCWTV,0,0.85035
157,CINGVCWTV,0,0.87136
166,CINGVCWTV,0,0.86322
185,CINGVCWTV,0,0.85583
188,CINGVCWTV,0,0.86493
197,CINGVCWTV,0,0.84667
204,CINGVCWTV,0,0.87758
207,CINGVCWTV,0,0.86593
210,CINGVCWTV,0,0.82784
212,CINGVCWTV,0,0.88334
242,CINGVCWTV,0,0.86265
249,CINGVCWTV,0,0.85479
253,CINGVCWTV,1,0.90212
257,CINGVCWTV,0,0.86077
268,CINGVCWTV,0,0.90866
295,CINGVCWTV,0,0.86673
331,CINGVCWTV,0,0.88226
360,CINGVCWTV,0,0.87512
364,CINGVCWTV,1,0.86946
366,CINGVCWTV,0,0.86583
369,CINGVCWTV,0,0.87045
381,CINGVCWTV,0,0.90922
383,CINGVCWTV,0,0.88796
389,CINGVCWTV,0,0.87187
399,CINGVCWTV,1,0.90681
400,CINGVCWTV,1,0.90633
431,CINGVCWTV,0,0.8817
437,CINGVCWTV,0,0.84164
451,CINGVCWTV,0,0.87383
466,CINGVCWTV,0,0.87648
476,CINGVCWTV,0,0.86321
478,CINGVCWTV,0,0.86937
497,CINGVCWTV,0,0.86379
506,CINGVCWTV,0,0.87947
507,CINGVCWTV,0,0.84591
511,CINGVCWTV,1,0.93692
513,CINGVCWTV,1,0.87316
526,CINGVCWTV,0,0.86127
531,CINGVCWTV,1,0.87186
569,CINGVCWTV,0,0.86503
570,CINGVCWTV,0,0.8756
599,CINGVCWTV,1,0.85452
607,CINGVCWTV,1,0.87239
614,CINGVCWTV,0,0.85086
636,CINGVCWTV,0,0.86265
641,CINGVCWTV,0,0.86694
655,CINGVCWTV,0,0.83893
659,CINGVCWTV,0,0.83742
663,CINGVCWTV,0,0.84753
681,CINGVCWTV,0,0.84636
699,CINGVCWTV,0,0.84641
716,CINGVCWTV,1,0.91512
721,CINGVCWTV,0,0.89867
738,CINGVCWTV,0,0.88378
758,CINGVCWTV,0,0.84669
765,CINGVCWTV,1,0.89419
774,CINGVCWTV,0,0.86528
800,CINGVCWTV,1,0.87778
809,CINGVCWTV,0,0.95553
816,CINGVCWTV,0,0.87556
826,CINGVCWTV,0,0.86161
851,CINGVCWTV,1,0.83095
885,CINGVCWTV,0,0.87199
889,CINGVCWTV,0,0.87278
899,CINGVCWTV,1,0.91927
905,CINGVCWTV,1,0.88341
906,CINGVCWTV,0,0.85931
914,CINGVCWTV,0,0.83927
918,CINGVCWTV,0,0.86622
922,CINGVCWTV,0,0.85571
981,CINGVCWTV,0,0.85964
990,CINGVCWTV,0,0.8783
1000,CINGVCWTV,1,0.88152
1005,CINGVCWTV,0,0.89477
1008,CINGVCWTV,1,0.89403
1012,CINGVCWTV,0,0.88814
1015,CINGVCWTV,0,0.87113
1021,CINGVCWTV,0,0.86146
1023,CINGVCWTV,0,0.86529
1029,CINGVCWTV,1,0.8582
1043,CINGVCWTV,0,0.87303
1080,CINGVCWTV,0,0.86261
1091,CINGVCWTV,0,0.88621
1112,CINGVCWTV,0,0.83812
1127,CINGVCWTV,0,0.86954
1134,CINGVCWTV,0,0.87236
1135,CINGVCWTV,0,0.86351
1138,CINGVCWTV,1,0.86123
1146,CINGVCWTV,0,0.85473
1158,CINGVCWTV,0,0.88117
1170,CINGVCWTV,0,0.86557
1176,CINGVCWTV,0,0.87788
1179,CINGVCWTV,0,0.87257
1185,CINGVCWTV,0,0.86446
1192,CINGVCWTV,0,0.88429
1197,CINGVCWTV,0,0.86497
1200,CINGVCWTV,0,0.84587
1208,CINGVCWTV,0,0.866
1210,CINGVCWTV,0,0.87143
1222,CINGVCWTV,0,0.86655
1229,CINGVCWTV,0,0.8395
1256,CINGVCWTV,1,0.86232
1263,CINGVCWTV,0,0.85842
1265,CINGVCWTV,0,0.85455
1289,CINGVCWTV,0,0.87779
1296,CINGVCWTV,1,0.86905
1342,CINGVCWTV,0,0.85428
1354,CINGVCWTV,0,0.86713
1360,CINGVCWTV,0,0.87861
1373,CINGVCWTV,0,0.86206
1420,CINGVCWTV,0,0.86896
1425,CINGVCWTV,0,0.84386
1458,CINGVCWTV,0,0.88155
1464,CINGVCWTV,0,0.84768
1469,CINGVCWTV,0,0.86472
1472,CINGVCWTV,0,0.87748
1474,CINGVCWTV,0,0.87574
1486,CINGVCWTV,1,0.86055
1512,CINGVCWTV,0,0.85771
1535,CINGVCWTV,0,0.86275
1572,CINGVCWTV,1,0.882
1582,CINGVCWTV,0,0.88036
1583,CINGVCWTV,0,0.88852
1598,CINGVCWTV,0,0.87284
1603,CINGVCWTV,0,0.85078
1613,CINGVCWTV,0,0.86092
1631,CINGVCWTV,1,0.96159
1648,CINGVCWTV,0,0.86622
1674,CINGVCWTV,0,0.87251
1684,CINGVCWTV,0,0.85886
1708,CINGVCWTV,0,0.85875
1711,CINGVCWTV,0,0.84734
1734,CINGVCWTV,0,0.86331
1737,CINGVCWTV,1,0.91386
1752,CINGVCWTV,0,0.87879
1771,CINGVCWTV,0,0.93175
1792,CINGVCWTV,0,0.86509
1799,CINGVCWTV,0,0.8507
1817,CINGVCWTV,0,0.8641
1840,CINGVCWTV,0,0.86073
1841,CINGVCWTV,0,0.86141
1858,CINGVCWTV,0,0.89619
1862,CINGVCWTV,1,0.87592
1873,CINGVCWTV,0,0.85831
1876,CINGVCWTV,0,0.89273
1896,CINGVCWTV,0,0.88244
1902,CINGVCWTV,0,0.84254
1926,CINGVCWTV,0,0.8664
1942,CINGVCWTV,1,0.89878
1945,CINGVCWTV,0,0.8683
1962,CINGVCWTV,0,0.8742
1974,CINGVCWTV,0,0.87418
1990,CINGVCWTV,0,0.87492
1991,CINGVCWTV,0,0.8637
1998,CINGVCWTV,0,0.87743
2038,CINGVCWTV,0,0.83336
2080,CINGVCWTV,0,0.87319
2091,CINGVCWTV,1,0.8803
2094,CINGVCWTV,0,0.87986
2099,CINGVCWTV,0,0.89116
2111,CINGVCWTV,0,0.879
2139,CINGVCWTV,1,0.93513
2140,CINGVCWTV,0,0.85927
2142,CINGVCWTV,0,0.86892
2156,CINGVCWTV,0,0.9347
2179,CINGVCWTV,0,0.87073
2210,CINGVCWTV,1,0.93841
2224,CINGVCWTV,0,0.87738
2243,CINGVCWTV,0,0.8443
2274,CINGVCWTV,1,0.90143
2276,CINGVCWTV,1,0.86639
2286,CINGVCWTV,0,0.85943
2304,CINGVCWTV,0,0.89651
2323,CINGVCWTV,0,0.87384
2337,CINGVCWTV,0,0.87947
2364,CINGVCWTV,0,0.89343
2365,CINGVCWTV,0,0.87404
2402,CINGVCWTV,0,0.8732
2414,CINGVCWTV,0,0.86788
2424,CINGVCWTV,0,0.86836
2455,CINGVCWTV,0,0.89557
2457,CINGVCWTV,0,0.8866
2460,CINGVCWTV,0,0.87684
2496,CINGVCWTV,0,0.89775
2511,CINGVCWTV,0,0.85111
2519,CINGVCWTV,0,0.85596
2527,CINGVCWTV,1,0.91333
2581,CINGVCWTV,0,0.90983
2596,CINGVCWTV,0,0.87617
2613,CINGVCWTV,0,0.87555
2635,CINGVCWTV,0,0.86554
2636,CINGVCWTV,0,0.88465
2641,CINGVCWTV,0,0.85139
2672,CINGVCWTV,0,0.86339
2674,CINGVCWTV,0,0.87627
2682,CINGVCWTV,0,0.84964
2691,CINGVCWTV,0,0.84916
2692,CINGVCWTV,1,0.90657
2723,CINGVCWTV,0,0.87672
2734,CINGVCWTV,0,0.86729
2744,CINGVCWTV,0,0.87278
2766,CINGVCWTV,0,0.87636
2781,CINGVCWTV,1,0.86567
2797,CINGVCWTV,0,0.85439
2810,CINGVCWTV,0,0.88561
2862,CINGVCWTV,0,0.85435
2863,CINGVCWTV,0,0.84564
2866,CINGVCWTV,0,0.8649
2869,CINGVCWTV,1,0.85897
2872,CINGVCWTV,0,0.86226
2878,CINGVCWTV,0,0.87561
2887,CINGVCWTV,0,0.86467
2888,CINGVCWTV,1,0.90853
2916,CINGVCWTV,0,0.87363
2926,CINGVCWTV,0,0.85635
2937,CINGVCWTV,0,0.85171
2975,CINGVCWTV,0,0.83898
2979,CINGVCWTV,0,0.8726
3006,CINGVCWTV,0,0.87386
3019,CINGVCWTV,0,0.86445
3051,CINGVCWTV,0,0.86112
3067,CINGVCWTV,0,0.8578
3087,CINGVCWTV,0,0.85884
3094,CINGVCWTV,1,0.94811
3135,CINGVCWTV,0,0.86138
3144,CINGVCWTV,1,0.88301
3150,CINGVCWTV,0,0.87985
3163,CINGVCWTV,1,0.90498
3203,CINGVCWTV,0,0.85753
3213,CINGVCWTV,0,0.86172
3226,CINGVCWTV,0,0.85545
3238,CINGVCWTV,0,0.84817
3265,CINGVCWTV,0,0.85452
3283,CINGVCWTV,0,0.83857
3297,CINGVCWTV,0,0.86693
3347,CINGVCWTV,0,0.87914
3367,CINGVCWTV,0,0.85054
3377,CINGVCWTV,0,0.8632
3395,CINGVCWTV,0,0.89094
3406,CINGVCWTV,0,0.87149
3409,CINGVCWTV,1,0.95746
3427,CINGVCWTV,0,0.87107
3448,CINGVCWTV,0,0.87879
3461,CINGVCWTV,1,0.85609
3479,CINGVCWTV,0,0.87834
3482,CINGVCWTV,0,0.89081
3511,CINGVCWTV,1,0.90355
3513,CINGVCWTV,0,0.95913
3517,CINGVCWTV,0,0.88356
3529,CINGVCWTV,0,0.86375
3536,CINGVCWTV,0,0.86815
3545,CINGVCWTV,0,0.88537
3576,CINGVCWTV,0,0.85375
3598,CINGVCWTV,0,0.87435
3602,CINGVCWTV,0,0.88204
3614,CINGVCWTV,0,0.87957
3616,CINGVCWTV,0,0.88958
3617,CINGVCWTV,0,0.83452
3636,CINGVCWTV,0,0.87255
3655,CINGVCWTV,1,0.8618
3659,CINGVCWTV,0,0.8782
3664,CINGVCWTV,0,0.88472
7,GLCTLVAML,0,0.87606
23,GLCTLVAML,0,0.84797
32,GLCTLVAML,0,0.87266
42,GLCTLVAML,0,0.8902
54,GLCTLVAML,0,0.88609
70,GLCTLVAML,0,0.86649
139,GLCTLVAML,0,0.88351
163,GLCTLVAML,0,0.8552
168,GLCTLVAML,0,0.85384
183,GLCTLVAML,0,0.87037
190,GLCTLVAML,0,0.8612
195,GLCTLVAML,0,0.84813
243,GLCTLVAML,0,0.86358
291,GLCTLVAML,0,0.88957
297,GLCTLVAML,0,0.89499
299,GLCTLVAML,0,0.87104
308,GLCTLVAML,1,0.9871
315,GLCTLVAML,0,0.86226
323,GLCTLVAML,0,0.89561
326,GLCTLVAML,1,0.89089
332,GLCTLVAML,0,0.84439
343,GLCTLVAML,0,0.86356
358,GLCTLVAML,0,0.8335
386,GLCTLVAML,0,0.83214
407,GLCTLVAML,0,0.88271
412,GLCTLVAML,0,0.84998
439,GLCTLVAML,0,0.88892
449,GLCTLVAML,0,0.8741
481,GLCTLVAML,0,0.87407
549,GLCTLVAML,0,0.86825
571,GLCTLVAML,0,0.8468
600,GLCTLVAML,0,0.88347
606,GLCTLVAML,0,0.86154
618,GLCTLVAML,0,0.84354
629,GLCTLVAML,0,0.88982
632,GLCTLVAML,0,0.88208
645,GLCTLVAML,0,0.85535
650,GLCTLVAML,0,0.88118
668,GLCTLVAML,0,0.8355
670,GLCTLVAML,1,0.99142
685,GLCTLVAML,0,0.88419
759,GLCTLVAML,0,0.88225
796,GLCTLVAML,1,0.97976
877,GLCTLVAML,1,0.89306
909,GLCTLVAML,0,0.83148
933,GLCTLVAML,1,0.98329
961,GLCTLVAML,0,0.84487
973,GLCTLVAML,1,0.94856
980,GLCTLVAML,1,0.9906
1046,GLCTLVAML,0,0.8854
1051,GLCTLVAML,1,0.91766
1053,GLCTLVAML,0,0.86514
1065,GLCTLVAML,0,0.84351
1066,GLCTLVAML,0,0.86358
1071,GLCTLVAML,0,0.87869
1085,GLCTLVAML,0,0.86639
1101,GLCTLVAML,0,0.85684
1103,GLCTLVAML,1,0.96395
1124,GLCTLVAML,0,0.86441
1126,GLCTLVAML,0,0.86064
1131,GLCTLVAML,1,0.96668
1147,GLCTLVAML,0,0.85834
1148,GLCTLVAML,0,0.89138
1150,GLCTLVAML,0,0.86677
1195,GLCTLVAML,0,0.88311
1251,GLCTLVAML,0,0.84261
1266,GLCTLVAML,0,0.87963
1293,GLCTLVAML,0,0.85044
1322,GLCTLVAML,1,0.9445
1352,GLCTLVAML,0,0.87731
1367,GLCTLVAML,1,0.95378
1396,GLCTLVAML,0,0.86089
1433,GLCTLVAML,0,0.84915
1477,GLCTLVAML,0,0.87168
1503,GLCTLVAML,0,0.87986
1519,GLCTLVAML,0,0.8841
1520,GLCTLVAML,0,0.86251
1551,GLCTLVAML,0,0.86253
1561,GLCTLVAML,0,0.87549
1589,GLCTLVAML,0,0.87432
1600,GLCTLVAML,0,0.87438
1607,GLCTLVAML,0,0.86695
1617,GLCTLVAML,0,0.86709
1620,GLCTLVAML,0,0.86934
1623,GLCTLVAML,1,0.97953
1626,GLCTLVAML,0,0.86784
1628,GLCTLVAML,0,0.85471
1638,GLCTLVAML,0,0.83857
1651,GLCTLVAML,1,0.89108
1665,GLCTLVAML,0,0.85205
1673,GLCTLVAML,0,0.90033
1676,GLCTLVAML,0,0.85228
1680,GLCTLVAML,1,0.95831
1695,GLCTLVAML,1,0.967
1732,GLCTLVAML,0,0.85969
1776,GLCTLVAML,0,0.83584
1777,GLCTLVAML,0,0.85578
1795,GLCTLVAML,1,0.89893
1811,GLCTLVAML,0,0.85578
1812,GLCTLVAML,0,0.85306
1820,GLCTLVAML,0,0.85664
1838,GLCTLVAML,0,0.88774
1853,GLCTLVAML,1,0.98474
1856,GLCTLVAML,0,0.88803
1860,GLCTLVAML,0,0.87169
1872,GLCTLVAML,0,0.86431
1905,GLCTLVAML,0,0.84372
1917,GLCTLVAML,0,0.86958
1920,GLCTLVAML,0,0.88162
1922,GLCTLVAML,0,0.86031
1929,GLCTLVAML,0,0.86465
1931,GLCTLVAML,0,0.89035
1935,GLCTLVAML,0,0.87991
1969,GLCTLVAML,1,0.99317
1995,GLCTLVAML,0,0.86365
2001,GLCTLVAML,1,0.98883
2011,GLCTLVAML,0,0.87982
2036,GLCTLVAML,0,0.85504
2044,GLCTLVAML,0,0.87354
2057,GLCTLVAML,0,0.86251
2064,GLCTLVAML,0,0.86275
2076,GLCTLVAML,1,0.88484
2131,GLCTLVAML,0,0.88984
2137,GLCTLVAML,0,0.84836
2157,GLCTLVAML,0,0.87624
2172,GLCTLVAML,0,0.84972
2191,GLCTLVAML,0,0.86557
2203,GLCTLVAML,1,0.94588
2217,GLCTLVAML,0,0.85781
2222,GLCTLVAML,0,0.85944
2249,GLCTLVAML,0,0.83373
2283,GLCTLVAML,0,0.89799
2313,GLCTLVAML,0,0.90385
2314,GLCTLVAML,0,0.87629
2349,GLCTLVAML,0,0.85725
2352,GLCTLVAML,0,0.85625
2360,GLCTLVAML,0,0.85109
2382,GLCTLVAML,0,0.85139
2399,GLCTLVAML,0,0.85416
2466,GLCTLVAML,0,0.85841
2521,GLCTLVAML,0,0.86976
2529,GLCTLVAML,0,0.87434
2538,GLCTLVAML,0,0.88864
2551,GLCTLVAML,0,0.86607
2583,GLCTLVAML,1,0.96429
2616,GLCTLVAML,0,0.85249
2624,GLCTLVAML,0,0.85332
2630,GLCTLVAML,0,0.88707
2634,GLCTLVAML,1,0.85958
2637,GLCTLVAML,0,0.89748
2644,GLCTLVAML,0,0.89078
2658,GLCTLVAML,0,0.85699
2675,GLCTLVAML,0,0.88675
2711,GLCTLVAML,0,0.85057
2758,GLCTLVAML,0,0.87994
2760,GLCTLVAML,1,0.87212
2761,GLCTLVAML,0,0.85109
2777,GLCTLVAML,0,0.85028
2784,GLCTLVAML,0,0.84308
2800,GLCTLVAML,0,0.88591
2813,GLCTLVAML,1,0.91124
2859,GLCTLVAML,1,0.99723
2860,GLCTLVAML,0,0.89269
2875,GLCTLVAML,1,0.98893
2883,GLCTLVAML,0,0.86738
2907,GLCTLVAML,0,0.86226
2908,GLCTLVAML,0,0.85919
2913,GLCTLVAML,0,0.85534
2943,GLCTLVAML,0,0.86842
2969,GLCTLVAML,0,0.88156
2972,GLCTLVAML,1,0.89207
2976,GLCTLVAML,0,0.86828
2983,GLCTLVAML,0,0.85552
2988,GLCTLVAML,0,0.86107
2993,GLCTLVAML,1,0.98994
2994,GLCTLVAML,0,0.84658
2996,GLCTLVAML,0,0.85981
3004,GLCTLVAML,0,0.8619
3009,GLCTLVAML,0,0.85678
3017,GLCTLVAML,0,0.88638
3026,GLCTLVAML,0,0.86552
3050,GLCTLVAML,0,0.85913
3058,GLCTLVAML,0,0.85638
3060,GLCTLVAML,0,0.84607
3096,GLCTLVAML,0,0.85345
3110,GLCTLVAML,0,0.85653
3124,GLCTLVAML,0,0.87354
3155,GLCTLVAML,0,0.83559
3191,GLCTLVAML,1,0.90043
3197,GLCTLVAML,1,0.88562
3214,GLCTLVAML,0,0.89228
3225,GLCTLVAML,0,0.86607
3228,GLCTLVAML,1,0.88876
3252,GLCTLVAML,0,0.85253
3253,GLCTLVAML,1,0.95104
3267,GLCTLVAML,0,0.85287
3268,GLCTLVAML,0,0.88074
3296,GLCTLVAML,0,0.86717
3303,GLCTLVAML,0,0.88388
3309,GLCTLVAML,0,0.85385
3316,GLCTLVAML,0,0.85055
3371,GLCTLVAML,1,0.98382
3376,GLCTLVAML,0,0.8826
3379,GLCTLVAML,0,0.88912
3388,GLCTLVAML,0,0.83657
3428,GLCTLVAML,0,0.8568
3435,GLCTLVAML,0,0.87915
3444,GLCTLVAML,0,0.86487
3478,GLCTLVAML,0,0.86023
3493,GLCTLVAML,0,0.82823
3497,GLCTLVAML,0,0.85087
3528,GLCTLVAML,0,0.85476
3541,GLCTLVAML,0,0.86156
3547,GLCTLVAML,0,0.86681
3571,GLCTLVAML,0,0.85686
3588,GLCTLVAML,0,0.86717
3597,GLCTLVAML,1,0.97081
3607,GLCTLVAML,0,0.85892
3608,GLCTLVAML,0,0.88054
3646,GLCTLVAML,0,0.86536
14,ATDALMTGF,0,0.85449
79,ATDALMTGF,1,0.88386
120,ATDALMTGF,0,0.85759
133,ATDALMTGF,1,0.90023
137,ATDALMTGF,1,0.86378
147,ATDALMTGF,0,0.85325
178,ATDALMTGF,1,0.89973
194,ATDALMTGF,0,0.8909
208,ATDALMTGF,0,0.85814
218,ATDALMTGF,0,0.87475
220,ATDALMTGF,0,0.8512
246,ATDALMTGF,1,0.86756
300,ATDALMTGF,0,0.85189
338,ATDALMTGF,0,0.85106
347,ATDALMTGF,0,0.86229
349,ATDALMTGF,0,0.87904
419,ATDALMTGF,0,0.8513
461,ATDALMTGF,0,0.86063
470,ATDALMTGF,0,0.83726
472,ATDALMTGF,1,0.8768
523,ATDALMTGF,0,0.87877
555,ATDALMTGF,0,0.85441
572,ATDALMTGF,0,0.87799
576,ATDALMTGF,0,0.85444
588,ATDALMTGF,0,0.83616
589,ATDALMTGF,0,0.85365
775,ATDALMTGF,0,0.86141
823,ATDALMTGF,0,0.83712
839,ATDALMTGF,0,0.86318
874,ATDALMTGF,0,0.87215
926,ATDALMTGF,0,0.87198
927,ATDALMTGF,1,0.92297
935,ATDALMTGF,0,0.85764
946,ATDALMTGF,1,0.88674
950,ATDALMTGF,1,0.88816
979,ATDALMTGF,1,0.99607
994,ATDALMTGF,0,0.86678
1013,ATDALMTGF,1,0.96836
1028,ATDALMTGF,0,0.8538
1031,ATDALMTGF,0,0.8547
1058,ATDALMTGF,0,0.90134
1067,ATDALMTGF,0,0.85273
1099,ATDALMTGF,0,0.89516
1102,ATDALMTGF,0,0.82426
1105,ATDALMTGF,1,0.91974
1130,ATDALMTGF,0,0.8457
1162,ATDALMTGF,0,0.84121
1178,ATDALMTGF,0,0.85345
1184,ATDALMTGF,0,0.88057
1190,ATDALMTGF,0,0.8559
1232,ATDALMTGF,1,0.88311
1235,ATDALMTGF,0,0.84944
1285,ATDALMTGF,0,0.84099
1312,ATDALMTGF,0,0.9031
1332,ATDALMTGF,0,0.88479
1338,ATDALMTGF,0,0.8801
1366,ATDALMTGF,0,0.84084
1500,ATDALMTGF,0,0.86021
1537,ATDALMTGF,1,0.85663
1557,ATDALMTGF,0,0.87974
1584,ATDALMTGF,0,0.8286
1594,ATDALMTGF,0,0.864
1619,ATDALMTGF,0,0.86856
1637,ATDALMTGF,0,0.87469
1647,ATDALMTGF,0,0.86511
1670,ATDALMTGF,0,0.8704
1699,ATDALMTGF,0,0.87636
1748,ATDALMTGF,0,0.89846
1756,ATDALMTGF,0,0.84807
1829,ATDALMTGF,0,0.86541
1833,ATDALMTGF,0,0.85148
1869,ATDALMTGF,0,0.8813
1877,ATDALMTGF,0,0.84767
1887,ATDALMTGF,0,0.87007
1911,ATDALMTGF,0,0.88342
1943,ATDALMTGF,0,0.85532
1954,ATDALMTGF,0,0.86808
1955,ATDALMTGF,0,0.86564
1970,ATDALMTGF,0,0.85911
1988,ATDALMTGF,1,0.9259
2005,ATDALMTGF,0,0.88888
2022,ATDALMTGF,0,0.879
2056,ATDALMTGF,0,0.86574
2067,ATDALMTGF,1,0.9873
2088,ATDALMTGF,0,0.85099
2089,ATDALMTGF,0,0.87335
2125,ATDALMTGF,1,0.94855
2144,ATDALMTGF,0,0.86212
2150,ATDALMTGF,0,0.8612
2161,ATDALMTGF,0,0.85026
2184,ATDALMTGF,0,0.87446
2213,ATDALMTGF,0,0.87562
2219,ATDALMTGF,0,0.83786
2221,ATDALMTGF,0,0.83634
2247,ATDALMTGF,0,0.848
2258,ATDALMTGF,0,0.87394
2295,ATDALMTGF,0,0.86224
2298,ATDALMTGF,0,0.84919
2342,ATDALMTGF,0,0.88146
2372,ATDALMTGF,0,0.84365
2389,ATDALMTGF,0,0.85931
2401,ATDALMTGF,0,0.86891
2410,ATDALMTGF,0,0.85794
2413,ATDALMTGF,0,0.8359
2437,ATDALMTGF,0,0.83252
2446,ATDALMTGF,0,0.86334
2495,ATDALMTGF,0,0.85401
2541,ATDALMTGF,0,0.85992
2550,ATDALMTGF,0,0.89114
2573,ATDALMTGF,0,0.85227
2600,ATDALMTGF,0,0.85655
2602,ATDALMTGF,0,0.86161
2662,ATDALMTGF,0,0.8811
2683,ATDALMTGF,0,0.87793
2695,ATDALMTGF,1,0.97425
2753,ATDALMTGF,0,0.86518
2779,ATDALMTGF,1,0.85436
2788,ATDALMTGF,0,0.8464
2835,ATDALMTGF,0,0.85268
2842,ATDALMTGF,0,0.87249
2850,ATDALMTGF,0,0.8508
2892,ATDALMTGF,1,0.98811
2904,ATDALMTGF,0,0.85669
2915,ATDALMTGF,0,0.87123
2931,ATDALMTGF,0,0.86345
2956,ATDALMTGF,1,0.89386
2962,ATDALMTGF,0,0.8728
2987,ATDALMTGF,0,0.88118
3002,ATDALMTGF,0,0.84552
3021,ATDALMTGF,0,0.86916
3045,ATDALMTGF,1,0.9075
3075,ATDALMTGF,0,0.84717
3112,ATDALMTGF,0,0.85712
3113,ATDALMTGF,0,0.85053
3114,ATDALMTGF,1,0.889
3151,ATDALMTGF,0,0.86731
3286,ATDALMTGF,1,0.93631
3289,ATDALMTGF,0,0.8509
3310,ATDALMTGF,0,0.87883
3315,ATDALMTGF,0,0.8485
3324,ATDALMTGF,0,0.84993
3443,ATDALMTGF,0,0.86708
3477,ATDALMTGF,0,0.83862
3489,ATDALMTGF,0,0.89584
3507,ATDALMTGF,0,0.86077
3530,ATDALMTGF,0,0.87888
3535,ATDALMTGF,0,0.86384
3553,ATDALMTGF,0,0.80963
3569,ATDALMTGF,0,0.86114
3595,ATDALMTGF,0,0.88767
3620,ATDALMTGF,0,0.88231
3641,ATDALMTGF,1,0.92736
3645,ATDALMTGF,0,0.88847
3651,ATDALMTGF,1,0.96267
3656,ATDALMTGF,0,0.85679
72,LTDEMIAQY,0,0.86994
108,LTDEMIAQY,0,0.85672
140,LTDEMIAQY,1,0.87055
143,LTDEMIAQY,0,0.8458
164,LTDEMIAQY,0,0.87466
186,LTDEMIAQY,0,0.85517
232,LTDEMIAQY,0,0.89232
247,LTDEMIAQY,1,0.90743
258,LTDEMIAQY,1,0.90933
263,LTDEMIAQY,1,0.8758
376,LTDEMIAQY,0,0.87219
394,LTDEMIAQY,1,0.87074
402,LTDEMIAQY,0,0.86937
442,LTDEMIAQY,0,0.86359
460,LTDEMIAQY,0,0.85314
535,LTDEMIAQY,0,0.85678
554,LTDEMIAQY,0,0.88272
561,LTDEMIAQY,1,0.87478
586,LTDEMIAQY,0,0.88169
597,LTDEMIAQY,0,0.87525
620,LTDEMIAQY,0,0.85291
692,LTDEMIAQY,0,0.86568
741,LTDEMIAQY,0,0.85596
766,LTDEMIAQY,0,0.906
777,LTDEMIAQY,0,0.8717
781,LTDEMIAQY,0,0.86115
804,LTDEMIAQY,0,0.8808
857,LTDEMIAQY,0,0.86768
904,LTDEMIAQY,0,0.85962
948,LTDEMIAQY,0,0.84804
956,LTDEMIAQY,0,0.8623
985,LTDEMIAQY,0,0.86043
995,LTDEMIAQY,1,0.86409
1024,LTDEMIAQY,0,0.86676
1030,LTDEMIAQY,0,0.87787
1094,LTDEMIAQY,0,0.86016
1118,LTDEMIAQY,0,0.86756
1128,LTDEMIAQY,0,0.8587
1132,LTDEMIAQY,0,0.863
1219,LTDEMIAQY,0,0.87416
1231,LTDEMIAQY,0,0.87974
1250,LTDEMIAQY,1,0.88253
1272,LTDEMIAQY,0,0.86697
1282,LTDEMIAQY,0,0.87502
1283,LTDEMIAQY,0,0.86685
1318,LTDEMIAQY,0,0.8755
1350,LTDEMIAQY,0,0.84321
1359,LTDEMIAQY,0,0.86785
1374,LTDEMIAQY,0,0.85947
1421,LTDEMIAQY,0,0.84659
1457,LTDEMIAQY,0,0.84359
1466,LTDEMIAQY,1,0.86031
1490,LTDEMIAQY,0,0.85008
1494,LTDEMIAQY,1,0.88613
1497,LTDEMIAQY,0,0.87497
1505,LTDEMIAQY,1,0.98241
1508,LTDEMIAQY,0,0.88242
1513,LTDEMIAQY,1,0.87817
1516,LTDEMIAQY,0,0.87304
1547,LTDEMIAQY,0,0.833
1579,LTDEMIAQY,0,0.85769
1581,LTDEMIAQY,1,0.90763
1652,LTDEMIAQY,0,0.86752
1669,LTDEMIAQY,0,0.87319
1687,LTDEMIAQY,0,0.8671
1721,LTDEMIAQY,0,0.86881
1724,LTDEMIAQY,0,0.84244
1768,LTDEMIAQY,0,0.87144
1774,LTDEMIAQY,0,0.87188
1779,LTDEMIAQY,0,0.84729
1782,LTDEMIAQY,0,0.85733
1789,LTDEMIAQY,0,0.86603
1797,LTDEMIAQY,0,0.85474
1848,LTDEMIAQY,0,0.86572
1874,LTDEMIAQY,0,0.86523
1881,LTDEMIAQY,0,0.87228
1886,LTDEMIAQY,0,0.85631
1894,LTDEMIAQY,1,0.87565
1909,LTDEMIAQY,0,0.86733
1944,LTDEMIAQY,0,0.84914
1951,LTDEMIAQY,0,0.8664
1967,LTDEMIAQY,0,0.87303
1968,LTDEMIAQY,1,0.971
2004,LTDEMIAQY,0,0.86509
2007,LTDEMIAQY,0,0.87587
2018,LTDEMIAQY,0,0.91251
2048,LTDEMIAQY,0,0.85137
2077,LTDEMIAQY,0,0.86419
2090,LTDEMIAQY,0,0.85928
2096,LTDEMIAQY,0,0.85173
2112,LTDEMIAQY,1,0.86176
2155,LTDEMIAQY,1,0.84697
2278,LTDEMIAQY,0,0.8729
2281,LTDEMIAQY,0,0.85927
2332,LTDEMIAQY,0,0.88741
2335,LTDEMIAQY,0,0.87739
2345,LTDEMIAQY,0,0.84655
2412,LTDEMIAQY,1,0.89939
2471,LTDEMIAQY,0,0.8657
2482,LTDEMIAQY,0,0.84955
2489,LTDEMIAQY,0,0.85477
2507,LTDEMIAQY,0,0.85466
2508,LTDEMIAQY,1,0.89464
2513,LTDEMIAQY,0,0.87406
2557,LTDEMIAQY,1,0.85198
2594,LTDEMIAQY,0,0.88085
2654,LTDEMIAQY,0,0.85213
2663,LTDEMIAQY,0,0.86866
2680,LTDEMIAQY,1,0.93794
2688,LTDEMIAQY,0,0.87606
2697,LTDEMIAQY,0,0.86667
2701,LTDEMIAQY,1,0.89118
2717,LTDEMIAQY,0,0.85818
2785,LTDEMIAQY,1,0.87477
2789,LTDEMIAQY,1,0.85954
2790,LTDEMIAQY,0,0.85592
2807,LTDEMIAQY,0,0.86599
2917,LTDEMIAQY,0,0.86214
2922,LTDEMIAQY,0,0.86895
2940,LTDEMIAQY,0,0.85015
3013,LTDEMIAQY,0,0.90269
3033,LTDEMIAQY,0,0.87454
3041,LTDEMIAQY,0,0.86769
3049,LTDEMIAQY,0,0.84785
3052,LTDEMIAQY,0,0.88298
3111,LTDEMIAQY,0,0.90438
3130,LTDEMIAQY,0,0.84305
3141,LTDEMIAQY,0,0.86013
3189,LTDEMIAQY,0,0.87178
3200,LTDEMIAQY,0,0.87207
3211,LTDEMIAQY,0,0.87018
3230,LTDEMIAQY,0,0.85592
3234,LTDEMIAQY,0,0.87387
3264,LTDEMIAQY,0,0.87832
3299,LTDEMIAQY,0,0.85831
3301,LTDEMIAQY,0,0.87901
3336,LTDEMIAQY,0,0.86951
3357,LTDEMIAQY,0,0.85419
3363,LTDEMIAQY,0,0.87197
3378,LTDEMIAQY,0,0.85409
3430,LTDEMIAQY,0,0.86348
3464,LTDEMIAQY,0,0.90794
3472,LTDEMIAQY,0,0.86377
3549,LTDEMIAQY,0,0.84765
3567,LTDEMIAQY,1,0.84383
3603,LTDEMIAQY,0,0.87433
3627,LTDEMIAQY,0,0.83795
3639,LTDEMIAQY,0,0.86085
3663,LTDEMIAQY,0,0.86625
3667,LTDEMIAQY,0,0.87906
36,SPRWYFYYL,0,0.87597
41,SPRWYFYYL,1,0.87053
60,SPRWYFYYL,0,0.88563
141,SPRWYFYYL,0,0.88219
151,SPRWYFYYL,0,0.84781
161,SPRWYFYYL,0,0.87355
211,SPRWYFYYL,0,0.8734
271,SPRWYFYYL,0,0.8729
276,SPRWYFYYL,0,0.85343
296,SPRWYFYYL,0,0.8943
304,SPRWYFYYL,0,0.8588
306,SPRWYFYYL,0,0.88232
342,SPRWYFYYL,0,0.8547
355,SPRWYFYYL,0,0.84625
385,SPRWYFYYL,1,0.87673
413,SPRWYFYYL,1,0.90104
416,SPRWYFYYL,0,0.86275
493,SPRWYFYYL,1,0.88739
494,SPRWYFYYL,0,0.85982
498,SPRWYFYYL,0,0.86939
499,SPRWYFYYL,0,0.86929
560,SPRWYFYYL,0,0.85727
578,SPRWYFYYL,0,0.82199
601,SPRWYFYYL,0,0.86742
676,SPRWYFYYL,0,0.87297
702,SPRWYFYYL,1,0.924
703,SPRWYFYYL,0,0.84371
729,SPRWYFYYL,1,0.8867
743,SPRWYFYYL,0,0.87799
748,SPRWYFYYL,0,0.8624
776,SPRWYFYYL,0,0.85696
787,SPRWYFYYL,0,0.85919
789,SPRWYFYYL,0,0.87575
797,SPRWYFYYL,0,0.84274
812,SPRWYFYYL,1,0.86705
822,SPRWYFYYL,0,0.84491
825,SPRWYFYYL,0,0.85481
837,SPRWYFYYL,0,0.84796
871,SPRWYFYYL,0,0.84276
878,SPRWYFYYL,1,0.92289
888,SPRWYFYYL,0,0.88352
910,SPRWYFYYL,0,0.86774
924,SPRWYFYYL,0,0.8793
938,SPRWYFYYL,0,0.88754
993,SPRWYFYYL,0,0.86597
1045,SPRWYFYYL,0,0.89836
1063,SPRWYFYYL,0,0.85751
1089,SPRWYFYYL,1,0.92079
1096,SPRWYFYYL,0,0.854
1155,SPRWYFYYL,0,0.85934
1205,SPRWYFYYL,0,0.88291
1212,SPRWYFYYL,0,0.87357
1228,SPRWYFYYL,0,0.86744
1243,SPRWYFYYL,1,0.86173
1252,SPRWYFYYL,0,0.87574
1254,SPRWYFYYL,1,0.87007
1259,SPRWYFYYL,0,0.86275
1279,SPRWYFYYL,0,0.88453
1310,SPRWYFYYL,0,0.87071
1314,SPRWYFYYL,0,0.8634
1320,SPRWYFYYL,0,0.87859
1340,SPRWYFYYL,0,0.86311
1404,SPRWYFYYL,0,0.86553
1412,SPRWYFYYL,0,0.87795
1424,SPRWYFYYL,0,0.88475
1538,SPRWYFYYL,0,0.86456
1540,SPRWYFYYL,0,0.86494
1550,SPRWYFYYL,0,0.84144
1615,SPRWYFYYL,1,0.87009
1632,SPRWYFYYL,0,0.85962
1650,SPRWYFYYL,0,0.87892
1691,SPRWYFYYL,0,0.86185
1703,SPRWYFYYL,0,0.88837
1706,SPRWYFYYL,1,0.87822
1710,SPRWYFYYL,0,0.86246
1733,SPRWYFYYL,0,0.86529
1751,SPRWYFYYL,1,0.89046
1780,SPRWYFYYL,0,0.83808
1831,SPRWYFYYL,0,0.87791
1879,SPRWYFYYL,0,0.8683
1897,SPRWYFYYL,0,0.85295
1923,SPRWYFYYL,0,0.84908
1950,SPRWYFYYL,0,0.88958
1957,SPRWYFYYL,0,0.88169
1977,SPRWYFYYL,0,0.87406
2039,SPRWYFYYL,0,0.87097
2047,SPRWYFYYL,0,0.86814
2068,SPRWYFYYL,0,0.89172
2073,SPRWYFYYL,0,0.85609
2197,SPRWYFYYL,0,0.85132
2202,SPRWYFYYL,0,0.87217
2204,SPRWYFYYL,0,0.85389
2212,SPRWYFYYL,0,0.85294
2246,SPRWYFYYL,0,0.85477
2267,SPRWYFYYL,0,0.81984
2376,SPRWYFYYL,1,0.90432
2423,SPRWYFYYL,0,0.85139
2428,SPRWYFYYL,0,0.84992
2436,SPRWYFYYL,1,0.91194
2523,SPRWYFYYL,0,0.86288
2563,SPRWYFYYL,0,0.84707
2565,SPRWYFYYL,0,0.86235
2574,SPRWYFYYL,1,0.89851
2592,SPRWYFYYL,0,0.85486
2593,SPRWYFYYL,0,0.88709
2741,SPRWYFYYL,0,0.87123
2754,SPRWYFYYL,0,0.86866
2793,SPRWYFYYL,0,0.88224
2805,SPRWYFYYL,0,0.87361
2816,SPRWYFYYL,1,0.8775
2822,SPRWYFYYL,0,0.85438
2852,SPRWYFYYL,0,0.86354
2900,SPRWYFYYL,0,0.86519
2914,SPRWYFYYL,0,0.87245
2952,SPRWYFYYL,1,0.91068
2967,SPRWYFYYL,0,0.87605
2973,SPRWYFYYL,0,0.85827
3046,SPRWYFYYL,0,0.86645
3065,SPRWYFYYL,0,0.86189
3090,SPRWYFYYL,0,0.85082
3195,SPRWYFYYL,0,0.85028
3199,SPRWYFYYL,0,0.86365
3218,SPRWYFYYL,0,0.8888
3254,SPRWYFYYL,1,0.84324
3292,SPRWYFYYL,0,0.81576
3351,SPRWYFYYL,0,0.88439
3410,SPRWYFYYL,0,0.86631
3445,SPRWYFYYL,0,0.87377
3449,SPRWYFYYL,1,0.90813
3457,SPRWYFYYL,0,0.85824
3459,SPRWYFYYL,0,0.90838
3480,SPRWYFYYL,0,0.87004
3485,SPRWYFYYL,0,0.86797
3492,SPRWYFYYL,0,0.87569
3520,SPRWYFYYL,0,0.84285
3523,SPRWYFYYL,1,0.8707
3568,SPRWYFYYL,1,0.84668
3581,SPRWYFYYL,0,0.86201
3590,SPRWYFYYL,1,0.87012
3657,SPRWYFYYL,0,0.86686
47,KSKRTPMGF,0,0.87772
55,KSKRTPMGF,0,0.84034
80,KSKRTPMGF,0,0.87678
118,KSKRTPMGF,0,0.83367
119,KSKRTPMGF,0,0.87613
159,KSKRTPMGF,0,0.90862
192,KSKRTPMGF,0,0.83276
233,KSKRTPMGF,0,0.86452
261,KSKRTPMGF,1,0.98232
274,KSKRTPMGF,0,0.86836
285,KSKRTPMGF,0,0.89131
345,KSKRTPMGF,0,0.85568
363,KSKRTPMGF,0,0.90118
391,KSKRTPMGF,0,0.8509
464,KSKRTPMGF,0,0.86324
482,KSKRTPMGF,0,0.88061
489,KSKRTPMGF,1,0.97869
538,KSKRTPMGF,0,0.84423
546,KSKRTPMGF,1,0.92811
548,KSKRTPMGF,0,0.87349
551,KSKRTPMGF,1,1.0
564,KSKRTPMGF,0,0.84471
580,KSKRTPMGF,0,0.8589
581,KSKRTPMGF,0,0.86508
585,KSKRTPMGF,1,0.85332
592,KSKRTPMGF,0,0.86697
621,KSKRTPMGF,0,0.86676
630,KSKRTPMGF,0,0.84337
631,KSKRTPMGF,1,0.86266
649,KSKRTPMGF,0,0.85391
651,KSKRTPMGF,0,0.861
691,KSKRTPMGF,0,0.87932
711,KSKRTPMGF,0,0.87088
778,KSKRTPMGF,0,0.86675
802,KSKRTPMGF,0,0.86973
811,KSKRTPMGF,0,0.8696
844,KSKRTPMGF,0,0.83326
852,KSKRTPMGF,0,0.83976
861,KSKRTPMGF,1,0.9177
931,KSKRTPMGF,0,0.84991
958,KSKRTPMGF,0,0.87513
960,KSKRTPMGF,0,0.86286
991,KSKRTPMGF,0,0.8663
997,KSKRTPMGF,0,0.88
1052,KSKRTPMGF,0,0.85779
1093,KSKRTPMGF,0,0.85469
1114,KSKRTPMGF,0,0.83261
1136,KSKRTPMGF,0,0.87502
1203,KSKRTPMGF,0,0.87437
1220,KSKRTPMGF,1,0.91248
1225,KSKRTPMGF,0,0.86839
1248,KSKRTPMGF,1,0.92811
1261,KSKRTPMGF,0,0.83418
1276,KSKRTPMGF,0,0.86558
1287,KSKRTPMGF,0,0.8737
1305,KSKRTPMGF,0,0.86838
1368,KSKRTPMGF,1,0.90659
1377,KSKRTPMGF,0,0.84923
1399,KSKRTPMGF,0,0.8631
1414,KSKRTPMGF,0,0.87526
1444,KSKRTPMGF,1,0.8754
1484,KSKRTPMGF,0,0.8915
1507,KSKRTPMGF,0,0.87078
1515,KSKRTPMGF,0,0.86844
1529,KSKRTPMGF,0,0.87029
1577,KSKRTPMGF,0,0.8649
1618,KSKRTPMGF,0,0.85773
1625,KSKRTPMGF,0,0.87565
1633,KSKRTPMGF,0,0.86298
1657,KSKRTPMGF,0,0.87701
1696,KSKRTPMGF,1,0.98964
1713,KSKRTPMGF,0,0.87071
1718,KSKRTPMGF,0,0.85968
1746,KSKRTPMGF,0,0.87344
1801,KSKRTPMGF,1,0.9808
1880,KSKRTPMGF,0,0.8738
1925,KSKRTPMGF,0,0.87716
1939,KSKRTPMGF,0,0.88284
1948,KSKRTPMGF,0,0.85693
2037,KSKRTPMGF,0,0.88171
2060,KSKRTPMGF,0,0.82949
2151,KSKRTPMGF,0,0.83848
2153,KSKRTPMGF,0,0.8943
2174,KSKRTPMGF,0,0.88526
2180,KSKRTPMGF,0,0.85917
2251,KSKRTPMGF,0,0.86498
2260,KSKRTPMGF,0,0.85333
2261,KSKRTPMGF,0,0.86462
2266,KSKRTPMGF,0,0.8749
2311,KSKRTPMGF,1,0.98964
2320,KSKRTPMGF,0,0.84564
2371,KSKRTPMGF,0,0.85518
2378,KSKRTPMGF,0,0.85012
2388,KSKRTPMGF,0,0.86332
2432,KSKRTPMGF,0,0.85979
2499,KSKRTPMGF,0,0.85567
2510,KSKRTPMGF,1,0.86422
2579,KSKRTPMGF,0,0.85333
2584,KSKRTPMGF,0,0.86935
2612,KSKRTPMGF,1,1.0
2628,KSKRTPMGF,0,0.857
2693,KSKRTPMGF,1,0.92987
2710,KSKRTPMGF,0,0.8393
2730,KSKRTPMGF,1,0.89191
2774,KSKRTPMGF,0,0.86982
2840,KSKRTPMGF,0,0.87807
2934,KSKRTPMGF,0,0.8689
2942,KSKRTPMGF,0,0.85164
2980,KSKRTPMGF,0,0.87307
3005,KSKRTPMGF,0,0.84352
3007,KSKRTPMGF,1,0.98964
3008,KSKRTPMGF,0,0.86908
3025,KSKRTPMGF,1,0.89948
3038,KSKRTPMGF,0,0.86094
3055,KSKRTPMGF,0,0.87522
3071,KSKRTPMGF,1,0.92736
3156,KSKRTPMGF,0,0.87041
3263,KSKRTPMGF,0,0.87343
3269,KSKRTPMGF,0,0.8638
3279,KSKRTPMGF,0,0.88619
3293,KSKRTPMGF,0,0.84865
3311,KSKRTPMGF,1,0.9455
3325,KSKRTPMGF,0,0.87134
3328,KSKRTPMGF,0,0.86852
3341,KSKRTPMGF,0,0.87528
3512,KSKRTPMGF,0,0.87287
3557,KSKRTPMGF,0,0.85838
3566,KSKRTPMGF,0,0.86102
3572,KSKRTPMGF,0,0.87304
18,NQKLIANQF,1,0.85555
38,NQKLIANQF,0,0.8531
56,NQKLIANQF,1,0.83573
106,NQKLIANQF,0,0.87779
126,NQKLIANQF,0,0.85654
237,NQKLIANQF,0,0.83857
254,NQKLIANQF,0,0.89624
330,NQKLIANQF,0,0.83769
373,NQKLIANQF,1,0.95052
427,NQKLIANQF,1,0.86821
534,NQKLIANQF,0,0.86203
720,NQKLIANQF,0,0.89178
785,NQKLIANQF,0,0.88137
799,NQKLIANQF,0,0.88724
808,NQKLIANQF,0,0.8858
860,NQKLIANQF,0,0.86998
937,NQKLIANQF,0,0.84439
944,NQKLIANQF,1,0.86052
999,NQKLIANQF,0,0.84566
1004,NQKLIANQF,0,0.87822
1033,NQKLIANQF,0,0.86978
1054,NQKLIANQF,0,0.85951
1111,NQKLIANQF,0,0.86068
1175,NQKLIANQF,0,0.85528
1351,NQKLIANQF,0,0.83958
1431,NQKLIANQF,1,0.86535
1435,NQKLIANQF,0,0.88999
1445,NQKLIANQF,0,0.86748
1450,NQKLIANQF,0,0.87306
1475,NQKLIANQF,0,0.88147
1522,NQKLIANQF,0,0.88408
1539,NQKLIANQF,0,0.8774
1568,NQKLIANQF,0,0.85172
1700,NQKLIANQF,0,0.85577
1728,NQKLIANQF,0,0.86124
1747,NQKLIANQF,1,0.84841
1762,NQKLIANQF,0,0.86328
1828,NQKLIANQF,1,0.868
1863,NQKLIANQF,0,0.8475
1912,NQKLIANQF,0,0.85979
2054,NQKLIANQF,0,0.81529
2078,NQKLIANQF,0,0.85775
2136,NQKLIANQF,1,0.87187
2176,NQKLIANQF,0,0.85472
2185,NQKLIANQF,1,0.83126
2194,NQKLIANQF,1,0.8455
2421,NQKLIANQF,0,0.84321
2474,NQKLIANQF,0,0.84529
2690,NQKLIANQF,0,0.83967
2699,NQKLIANQF,0,0.8642
2719,NQKLIANQF,0,0.8888
2739,NQKLIANQF,0,0.84273
2747,NQKLIANQF,0,0.86569
2767,NQKLIANQF,0,0.85405
2823,NQKLIANQF,0,0.88345
2828,NQKLIANQF,0,0.85954
2836,NQKLIANQF,0,0.87805
2846,NQKLIANQF,0,0.86405
2876,NQKLIANQF,0,0.86453
2905,NQKLIANQF,0,0.85121
2928,NQKLIANQF,0,0.86805
2948,NQKLIANQF,1,0.8729
2957,NQKLIANQF,0,0.88138
3020,NQKLIANQF,0,0.86469
3039,NQKLIANQF,0,0.87965
3040,NQKLIANQF,1,0.87478
3047,NQKLIANQF,0,0.88184
3061,NQKLIANQF,0,0.87084
3069,NQKLIANQF,0,0.88871
3108,NQKLIANQF,0,0.86334
3129,NQKLIANQF,0,0.81162
3250,NQKLIANQF,0,0.86404
3274,NQKLIANQF,0,0.85567
3306,NQKLIANQF,0,0.85937
3321,NQKLIANQF,1,0.87305
3370,NQKLIANQF,0,0.83939
3382,NQKLIANQF,0,0.85469
3413,NQKLIANQF,0,0.86578
3418,NQKLIANQF,0,0.8492
3433,NQKLIANQF,0,0.87585
3468,NQKLIANQF,1,0.87164
3508,NQKLIANQF,0,0.84888
3578,NQKLIANQF,0,0.88278
3585,NQKLIANQF,0,0.8605
3631,NQKLIANQF,0,0.87147
3638,NQKLIANQF,0,0.90231
95,HPVTKYIM,1,0.88147
184,HPVTKYIM,0,0.85109
216,HPVTKYIM,0,0.85024
244,HPVTKYIM,0,0.84958
278,HPVTKYIM,0,0.8099
375,HPVTKYIM,0,0.83377
401,HPVTKYIM,0,0.86034
415,HPVTKYIM,0,0.85063
441,HPVTKYIM,0,0.86751
480,HPVTKYIM,0,0.84839
501,HPVTKYIM,0,0.8673
638,HPVTKYIM,0,0.84417
662,HPVTKYIM,0,0.84622
682,HPVTKYIM,0,0.85584
696,HPVTKYIM,0,0.85801
752,HPVTKYIM,1,0.83978
834,HPVTKYIM,0,0.88421
884,HPVTKYIM,0,0.85779
901,HPVTKYIM,0,0.86494
1159,HPVTKYIM,0,0.85407
1237,HPVTKYIM,0,0.83571
1271,HPVTKYIM,0,0.85612
1308,HPVTKYIM,0,0.84886
1370,HPVTKYIM,0,0.86114
1394,HPVTKYIM,0,0.85537
1530,HPVTKYIM,0,0.83871
1587,HPVTKYIM,0,0.8695
1595,HPVTKYIM,1,0.85611
1639,HPVTKYIM,0,0.84758
1661,HPVTKYIM,0,0.8637
1677,HPVTKYIM,0,0.85975
1702,HPVTKYIM,1,0.85829
1819,HPVTKYIM,0,0.8463
1823,HPVTKYIM,0,0.85904
1854,HPVTKYIM,0,0.84889
1868,HPVTKYIM,0,0.83683
1901,HPVTKYIM,1,0.84265
1972,HPVTKYIM,0,0.82943
1997,HPVTKYIM,1,0.95598
2033,HPVTKYIM,0,0.86124
2034,HPVTKYIM,0,0.87651
2041,HPVTKYIM,1,0.9839
2079,HPVTKYIM,0,0.86634
2093,HPVTKYIM,0,0.86875
2128,HPVTKYIM,0,0.85055
2257,HPVTKYIM,0,0.838
2354,HPVTKYIM,1,0.87806
2362,HPVTKYIM,0,0.86892
2363,HPVTKYIM,1,0.92117
2407,HPVTKYIM,0,0.85183
2425,HPVTKYIM,0,0.85044
2560,HPVTKYIM,0,0.84431
2588,HPVTKYIM,0,0.87454
2646,HPVTKYIM,1,0.87889
2696,HPVTKYIM,0,0.83832
2725,HPVTKYIM,0,0.85457
2772,HPVTKYIM,0,0.83873
2809,HPVTKYIM,0,0.88696
2839,HPVTKYIM,1,1.0
2898,HPVTKYIM,0,0.84784
2949,HPVTKYIM,0,0.86095
3178,HPVTKYIM,1,0.88418
3204,HPVTKYIM,0,0.84995
3322,HPVTKYIM,0,0.84879
3327,HPVTKYIM,0,0.89611
3345,HPVTKYIM,0,0.85184
3366,HPVTKYIM,0,0.82467
3475,HPVTKYIM,0,0.87957
3499,HPVTKYIM,0,0.86017
3573,HPVTKYIM,0,0.83275
3596,HPVTKYIM,0,0.85934
3606,HPVTKYIM,0,0.84429
5,TPRVTGGGAM,0,0.85095
44,TPRVTGGGAM,0,0.88566
48,TPRVTGGGAM,0,0.84925
74,TPRVTGGGAM,1,0.91242
91,TPRVTGGGAM,0,0.83292
165,TPRVTGGGAM,0,0.8354
191,TPRVTGGGAM,0,0.85396
206,TPRVTGGGAM,0,0.86452
361,TPRVTGGGAM,0,0.82741
367,TPRVTGGGAM,1,0.90077
444,TPRVTGGGAM,0,0.84435
486,TPRVTGGGAM,1,0.9004
543,TPRVTGGGAM,0,0.87678
603,TPRVTGGGAM,0,0.86695
644,TPRVTGGGAM,0,0.83663
664,TPRVTGGGAM,0,0.8553
756,TPRVTGGGAM,0,0.84945
763,TPRVTGGGAM,0,0.87695
783,TPRVTGGGAM,0,0.8655
827,TPRVTGGGAM,0,0.86324
895,TPRVTGGGAM,1,0.92856
972,TPRVTGGGAM,1,0.96049
1309,TPRVTGGGAM,0,0.85233
1509,TPRVTGGGAM,0,0.85287
1622,TPRVTGGGAM,0,0.85929
1690,TPRVTGGGAM,0,0.85676
1749,TPRVTGGGAM,0,0.86064
1772,TPRVTGGGAM,0,0.84783
1806,TPRVTGGGAM,0,0.85368
1813,TPRVTGGGAM,1,0.92331
1851,TPRVTGGGAM,0,0.86745
1870,TPRVTGGGAM,0,0.85621
1914,TPRVTGGGAM,0,0.84986
1952,TPRVTGGGAM,0,0.8676
2040,TPRVTGGGAM,1,0.85773
2085,TPRVTGGGAM,1,0.85222
2098,TPRVTGGGAM,0,0.84293
2110,TPRVTGGGAM,0,0.84968
2126,TPRVTGGGAM,0,0.85642
2149,TPRVTGGGAM,0,0.85735
2175,TPRVTGGGAM,0,0.84043
2208,TPRVTGGGAM,0,0.8373
2358,TPRVTGGGAM,0,0.8234
2476,TPRVTGGGAM,0,0.84249
2570,TPRVTGGGAM,0,0.84358
2597,TPRVTGGGAM,0,0.85828
2614,TPRVTGGGAM,0,0.87347
2631,TPRVTGGGAM,0,0.84728
2655,TPRVTGGGAM,0,0.84712
2706,TPRVTGGGAM,0,0.86731
2733,TPRVTGGGAM,0,0.84638
2791,TPRVTGGGAM,1,0.88272
2792,TPRVTGGGAM,0,0.8774
2882,TPRVTGGGAM,0,0.84939
2968,TPRVTGGGAM,0,0.85219
2982,TPRVTGGGAM,0,0.85064
2995,TPRVTGGGAM,0,0.88263
3043,TPRVTGGGAM,0,0.89545
3044,TPRVTGGGAM,1,0.94707
3074,TPRVTGGGAM,0,0.81886
3131,TPRVTGGGAM,1,0.89337
3164,TPRVTGGGAM,0,0.85687
3240,TPRVTGGGAM,1,0.8401
3241,TPRVTGGGAM,0,0.8424
3251,TPRVTGGGAM,0,0.85409
3476,TPRVTGGGAM,0,0.86858
3487,TPRVTGGGAM,0,0.84441
3519,TPRVTGGGAM,0,0.84781
3584,TPRVTGGGAM,0,0.85894
115,NYNYLYRLF,0,0.89399
134,NYNYLYRLF,0,0.82394
203,NYNYLYRLF,0,0.84086
229,NYNYLYRLF,0,0.83955
264,NYNYLYRLF,0,0.8313
351,NYNYLYRLF,0,0.9041
357,NYNYLYRLF,0,0.83467
393,NYNYLYRLF,0,0.88022
403,NYNYLYRLF,0,0.856
473,NYNYLYRLF,0,0.82515
542,NYNYLYRLF,1,0.96732
715,NYNYLYRLF,0,0.86846
753,NYNYLYRLF,0,0.83884
897,NYNYLYRLF,0,0.87226
915,NYNYLYRLF,0,0.86284
1002,NYNYLYRLF,0,0.8639
1039,NYNYLYRLF,0,0.87884
1236,NYNYLYRLF,1,0.92813
1441,NYNYLYRLF,1,0.87418
1452,NYNYLYRLF,0,0.87747
1468,NYNYLYRLF,0,0.8618
1524,NYNYLYRLF,0,0.84215
1532,NYNYLYRLF,0,0.88338
1636,NYNYLYRLF,0,0.84913
1707,NYNYLYRLF,0,0.86132
1761,NYNYLYRLF,0,0.84916
1767,NYNYLYRLF,0,0.83731
1867,NYNYLYRLF,0,0.85835
1899,NYNYLYRLF,0,0.87679
1946,NYNYLYRLF,0,0.85519
2014,NYNYLYRLF,1,0.93354
2043,NYNYLYRLF,1,0.96647
2063,NYNYLYRLF,1,0.94545
2116,NYNYLYRLF,0,0.86015
2168,NYNYLYRLF,0,0.84939
2252,NYNYLYRLF,1,0.9705
2259,NYNYLYRLF,0,0.84729
2329,NYNYLYRLF,0,0.86337
2333,NYNYLYRLF,0,0.83538
2445,NYNYLYRLF,1,0.92894
2484,NYNYLYRLF,0,0.85137
2577,NYNYLYRLF,0,0.86165
2590,NYNYLYRLF,0,0.85521
2608,NYNYLYRLF,0,0.84644
2666,NYNYLYRLF,0,0.83518
2676,NYNYLYRLF,0,0.84389
2746,NYNYLYRLF,0,0.91641
2815,NYNYLYRLF,0,0.86094
2825,NYNYLYRLF,0,0.88946
2873,NYNYLYRLF,0,0.85025
2895,NYNYLYRLF,0,0.86829
2927,NYNYLYRLF,1,0.94453
2951,NYNYLYRLF,0,0.84702
3127,NYNYLYRLF,1,0.89812
3158,NYNYLYRLF,0,0.87394
3210,NYNYLYRLF,0,0.88987
3239,NYNYLYRLF,0,0.8328
3278,NYNYLYRLF,1,0.85985
3295,NYNYLYRLF,0,0.82309
3304,NYNYLYRLF,0,0.85216
3326,NYNYLYRLF,1,0.91727
3414,NYNYLYRLF,0,0.8409
3439,NYNYLYRLF,0,0.85599
3522,NYNYLYRLF,0,0.84692
3550,NYNYLYRLF,0,0.8321
3551,NYNYLYRLF,0,0.85024
3670,NYNYLYRLF,0,0.84732
3673,NYNYLYRLF,0,0.82371
30,GPRLGVRAT,0,0.86682
75,GPRLGVRAT,0,0.84572
122,GPRLGVRAT,0,0.84185
187,GPRLGVRAT,0,0.86406
201,GPRLGVRAT,0,0.83647
205,GPRLGVRAT,0,0.86567
267,GPRLGVRAT,1,0.85873
352,GPRLGVRAT,0,0.84878
455,GPRLGVRAT,0,0.85826
458,GPRLGVRAT,0,0.85638
487,GPRLGVRAT,0,0.84932
521,GPRLGVRAT,0,0.84634
642,GPRLGVRAT,0,0.86354
708,GPRLGVRAT,0,0.85609
718,GPRLGVRAT,0,0.82921
726,GPRLGVRAT,1,0.85007
835,GPRLGVRAT,0,0.85642
934,GPRLGVRAT,1,0.85816
1016,GPRLGVRAT,0,0.83651
1098,GPRLGVRAT,0,0.85301
1191,GPRLGVRAT,0,0.84927
1209,GPRLGVRAT,0,0.83399
1345,GPRLGVRAT,0,0.83431
1361,GPRLGVRAT,0,0.84862
1455,GPRLGVRAT,0,0.86272
1504,GPRLGVRAT,0,0.86361
1656,GPRLGVRAT,1,0.90212
1658,GPRLGVRAT,0,0.86193
1662,GPRLGVRAT,1,0.92107
1667,GPRLGVRAT,0,0.83712
1683,GPRLGVRAT,0,0.89611
1763,GPRLGVRAT,1,0.95713
1787,GPRLGVRAT,0,0.84471
1804,GPRLGVRAT,0,0.85306
1822,GPRLGVRAT,0,0.86341
1875,GPRLGVRAT,0,0.84996
2019,GPRLGVRAT,1,0.93024
2290,GPRLGVRAT,0,0.8669
2296,GPRLGVRAT,1,0.85314
2470,GPRLGVRAT,1,0.85266
2532,GPRLGVRAT,0,0.8595
2571,GPRLGVRAT,0,0.83919
2572,GPRLGVRAT,0,0.85332
2629,GPRLGVRAT,0,0.85927
2632,GPRLGVRAT,0,0.87952
2649,GPRLGVRAT,0,0.85639
2732,GPRLGVRAT,0,0.84222
2845,GPRLGVRAT,0,0.8547
2925,GPRLGVRAT,0,0.82233
2961,GPRLGVRAT,0,0.85332
3174,GPRLGVRAT,1,0.9121
3219,GPRLGVRAT,0,0.86094
3227,GPRLGVRAT,0,0.873
3339,GPRLGVRAT,0,0.85985
3393,GPRLGVRAT,0,0.83995
3399,GPRLGVRAT,0,0.85359
3402,GPRLGVRAT,0,0.87282
3515,GPRLGVRAT,1,0.92784
3555,GPRLGVRAT,0,0.83051
3558,GPRLGVRAT,0,0.8437
3561,GPRLGVRAT,0,0.8666
3613,GPRLGVRAT,0,0.86189
8,RAQAPPPSW,0,0.84023
73,RAQAPPPSW,0,0.85536
162,RAQAPPPSW,0,0.85739
179,RAQAPPPSW,0,0.84229
313,RAQAPPPSW,0,0.8353
365,RAQAPPPSW,1,0.99119
420,RAQAPPPSW,0,0.86011
514,RAQAPPPSW,0,0.83954
666,RAQAPPPSW,0,0.83023
771,RAQAPPPSW,0,0.86526
913,RAQAPPPSW,0,0.82427
971,RAQAPPPSW,0,0.8512
1068,RAQAPPPSW,0,0.86168
1121,RAQAPPPSW,0,0.84825
1201,RAQAPPPSW,0,0.8267
1262,RAQAPPPSW,1,0.96314
1397,RAQAPPPSW,0,0.85323
1502,RAQAPPPSW,1,0.99248
1525,RAQAPPPSW,1,0.92736
1528,RAQAPPPSW,0,0.84781
1612,RAQAPPPSW,0,0.86063
1624,RAQAPPPSW,0,0.85008
1675,RAQAPPPSW,1,0.82107
1679,RAQAPPPSW,0,0.84845
1753,RAQAPPPSW,0,0.84654
1802,RAQAPPPSW,0,0.82455
1885,RAQAPPPSW,0,0.81839
2051,RAQAPPPSW,0,0.79167
2106,RAQAPPPSW,0,0.85068
2146,RAQAPPPSW,0,0.8029
2189,RAQAPPPSW,0,0.83281
2205,RAQAPPPSW,0,0.83203
2380,RAQAPPPSW,0,0.84913
2408,RAQAPPPSW,1,0.98986
2487,RAQAPPPSW,0,0.85311
2582,RAQAPPPSW,1,0.98975
2726,RAQAPPPSW,0,0.85079
2731,RAQAPPPSW,0,0.83172
2812,RAQAPPPSW,0,0.86825
2821,RAQAPPPSW,0,0.86377
2854,RAQAPPPSW,0,0.84608
2911,RAQAPPPSW,0,0.84923
2938,RAQAPPPSW,0,0.8351
3072,RAQAPPPSW,0,0.82814
3086,RAQAPPPSW,0,0.82182
3132,RAQAPPPSW,0,0.83015
3183,RAQAPPPSW,0,0.86875
3277,RAQAPPPSW,0,0.85299
3314,RAQAPPPSW,0,0.84172
3364,RAQAPPPSW,0,0.84071
3417,RAQAPPPSW,0,0.8681
3429,RAQAPPPSW,1,0.84369
3562,RAQAPPPSW,1,0.99436
3565,RAQAPPPSW,0,0.85779
